user_id,registration_date,age,gender,location_city,location_province,income_range,total_purchases,total_spent,avg_order_value,last_active,customer_segment
user_00001,2023-09-15,25,M,Semarang,Jawa Tengah,25-50k,14,1579.09,112.79,2025-07-27 10:19:42,Regular
user_00002,2023-08-08,65,M,Bekasi,Jawa Barat,100-200k,2,126.82,63.41,2025-07-24 10:19:42,New
user_00003,2024-11-04,50,M,Depok,Jawa Barat,25-50k,45,15410.16,342.45,2025-07-13 10:19:42,VIP
user_00004,2024-04-27,32,F,Bekasi,Jawa Barat,50-100k,0,0.0,0.0,2025-07-25 10:19:42,New
user_00005,2024-04-24,39,F,Bandung,Jawa Barat,25-50k,48,9670.44,201.47,2025-07-28 10:19:42,VIP
user_00006,2024-06-06,24,F,Makassar,Sulawesi Selatan,>200k,16,6611.32,413.21,2025-07-07 10:19:42,Regular
user_00007,2024-03-17,52,M,Palembang,Sumatera Selatan,<25k,35,6367.56,181.93,2025-07-10 10:19:42,VIP
user_00008,2023-10-06,41,M,Surabaya,Jawa Timur,<25k,42,6407.28,152.55,2025-07-21 10:19:42,VIP
user_00009,2025-04-10,32,M,Palembang,Sumatera Selatan,50-100k,29,9745.68,336.06,2025-07-19 10:19:42,VIP
user_00010,2025-01-15,41,F,Medan,Sumatera Utara,50-100k,44,20745.76,471.49,2025-07-10 10:19:42,VIP
user_00011,2025-04-18,56,M,Depok,Jawa Barat,25-50k,10,2580.17,258.02,2025-07-22 10:19:42,Regular
user_00012,2023-09-14,62,M,Makassar,Sulawesi Selatan,<25k,14,5877.36,419.81,2025-07-05 10:19:42,Regular
user_00013,2024-08-11,43,F,Surabaya,Jawa Timur,25-50k,36,15997.16,444.37,2025-07-20 10:19:42,VIP
user_00014,2024-11-25,59,F,Palembang,Sumatera Selatan,100-200k,9,1522.76,169.2,2025-07-23 10:19:42,Premium
user_00015,2023-12-04,52,F,Bekasi,Jawa Barat,100-200k,37,8500.02,229.73,2025-07-23 10:19:42,VIP
user_00016,2025-02-09,50,F,Surabaya,Jawa Timur,<25k,7,831.45,118.78,2025-07-25 10:19:42,Premium
user_00017,2023-08-04,45,M,Palembang,Sumatera Selatan,100-200k,38,18933.68,498.25,2025-07-14 10:19:42,VIP
user_00018,2024-10-16,53,M,Surabaya,Jawa Timur,>200k,48,8163.42,170.07,2025-07-10 10:19:42,VIP
user_00019,2024-07-17,25,F,Palembang,Sumatera Selatan,25-50k,29,1492.35,51.46,2025-07-07 10:19:42,VIP
user_00020,2024-10-04,50,M,Depok,Jawa Barat,<25k,40,7372.01,184.3,2025-07-10 10:19:42,VIP
user_00021,2024-01-28,56,M,Bandung,Jawa Barat,50-100k,48,5889.46,122.7,2025-06-30 10:19:42,VIP
user_00022,2024-01-04,18,F,Tangerang,Banten,<25k,7,3276.66,468.09,2025-07-02 10:19:42,Premium
user_00023,2024-08-20,33,M,Medan,Sumatera Utara,>200k,5,442.72,88.54,2025-07-15 10:19:42,Premium
user_00024,2025-04-21,52,M,Bandung,Jawa Barat,100-200k,35,4350.75,124.31,2025-07-14 10:19:42,VIP
user_00025,2023-10-18,45,M,Depok,Jawa Barat,25-50k,45,8562.25,190.27,2025-07-09 10:19:42,VIP
user_00026,2023-09-04,41,F,Depok,Jawa Barat,100-200k,7,1130.9,161.56,2025-07-28 10:19:42,Premium
user_00027,2024-07-19,19,M,Bekasi,Jawa Barat,25-50k,0,0.0,0.0,2025-07-10 10:19:42,New
user_00028,2025-05-01,32,M,Jakarta,DKI Jakarta,50-100k,4,1125.48,281.37,2025-07-22 10:19:42,New
user_00029,2023-08-15,49,M,Depok,Jawa Barat,25-50k,46,21665.14,470.98,2025-07-12 10:19:42,VIP
user_00030,2023-11-18,48,M,Tangerang,Banten,100-200k,12,1109.36,92.45,2025-07-09 10:19:42,Regular
user_00031,2024-04-15,40,F,Palembang,Sumatera Selatan,100-200k,46,3421.34,74.38,2025-07-10 10:19:42,VIP
user_00032,2023-09-08,24,M,Palembang,Sumatera Selatan,50-100k,6,971.37,161.9,2025-07-24 10:19:42,Premium
user_00033,2023-12-29,46,M,Palembang,Sumatera Selatan,25-50k,17,4389.1,258.18,2025-07-03 10:19:42,Regular
user_00034,2025-04-14,46,M,Jakarta,DKI Jakarta,>200k,0,0.0,0.0,2025-07-01 10:19:42,New
user_00035,2024-10-31,28,F,Tangerang,Banten,100-200k,13,5708.2,439.09,2025-07-02 10:19:42,Regular
user_00036,2025-05-01,28,F,Jakarta,DKI Jakarta,100-200k,16,7470.93,466.93,2025-07-05 10:19:42,Regular
user_00037,2024-03-22,36,F,Depok,Jawa Barat,100-200k,9,1219.09,135.45,2025-07-24 10:19:42,Premium
user_00038,2025-05-02,55,M,Makassar,Sulawesi Selatan,<25k,3,938.64,312.88,2025-07-14 10:19:42,New
user_00039,2024-01-04,28,M,Depok,Jawa Barat,<25k,11,889.18,80.83,2025-07-28 10:19:42,Regular
user_00040,2023-08-09,33,F,Surabaya,Jawa Timur,>200k,15,4657.7,310.51,2025-07-29 10:19:42,Regular
user_00041,2023-10-05,23,F,Bekasi,Jawa Barat,>200k,33,6348.09,192.37,2025-07-22 10:19:42,VIP
user_00042,2024-12-03,60,F,Medan,Sumatera Utara,50-100k,25,2722.38,108.9,2025-07-10 10:19:42,VIP
user_00043,2024-08-27,47,F,Surabaya,Jawa Timur,<25k,29,9556.13,329.52,2025-07-12 10:19:42,VIP
user_00044,2025-03-20,22,M,Depok,Jawa Barat,50-100k,8,3759.73,469.97,2025-07-02 10:19:42,Premium
user_00045,2025-04-21,33,F,Semarang,Jawa Tengah,25-50k,28,11905.19,425.19,2025-07-08 10:19:42,VIP
user_00046,2024-08-25,57,M,Depok,Jawa Barat,50-100k,42,4057.78,96.61,2025-07-02 10:19:42,VIP
user_00047,2025-02-13,34,M,Surabaya,Jawa Timur,>200k,9,1553.01,172.56,2025-07-11 10:19:42,Premium
user_00048,2024-11-27,63,F,Medan,Sumatera Utara,50-100k,32,8634.86,269.84,2025-07-02 10:19:42,VIP
user_00049,2025-05-09,23,F,Semarang,Jawa Tengah,<25k,0,0.0,0.0,2025-07-26 10:19:42,New
user_00050,2023-09-17,34,M,Tangerang,Banten,>200k,45,10910.66,242.46,2025-07-30 10:19:42,VIP
user_00051,2025-03-08,22,M,Depok,Jawa Barat,<25k,23,7178.97,312.13,2025-07-26 10:19:42,VIP
user_00052,2024-04-16,26,M,Semarang,Jawa Tengah,50-100k,50,24374.42,487.49,2025-07-29 10:19:42,VIP
user_00053,2024-06-29,31,M,Surabaya,Jawa Timur,50-100k,49,14795.43,301.95,2025-07-03 10:19:42,VIP
user_00054,2024-05-10,57,M,Medan,Sumatera Utara,25-50k,11,4913.01,446.64,2025-07-30 10:19:42,Regular
user_00055,2024-12-29,65,F,Palembang,Sumatera Selatan,25-50k,17,2067.86,121.64,2025-07-08 10:19:42,Regular
user_00056,2025-03-12,42,M,Tangerang,Banten,25-50k,12,5009.57,417.46,2025-07-16 10:19:42,Regular
user_00057,2024-07-07,37,M,Medan,Sumatera Utara,<25k,42,5750.15,136.91,2025-07-20 10:19:42,VIP
user_00058,2024-09-18,22,F,Makassar,Sulawesi Selatan,>200k,25,8894.58,355.78,2025-07-04 10:19:42,VIP
user_00059,2023-12-29,39,M,Surabaya,Jawa Timur,50-100k,11,3423.92,311.27,2025-07-22 10:19:42,Regular
user_00060,2025-05-22,24,F,Makassar,Sulawesi Selatan,50-100k,27,8715.44,322.79,2025-07-14 10:19:42,VIP
user_00061,2025-03-04,42,M,Semarang,Jawa Tengah,<25k,45,11080.16,246.23,2025-07-14 10:19:42,VIP
user_00062,2023-12-27,61,M,Makassar,Sulawesi Selatan,100-200k,4,1907.97,476.99,2025-07-01 10:19:42,New
user_00063,2024-07-27,57,F,Surabaya,Jawa Timur,50-100k,32,6053.7,189.18,2025-07-17 10:19:42,VIP
user_00064,2024-07-31,43,F,Depok,Jawa Barat,25-50k,12,2870.41,239.2,2025-06-30 10:19:42,Regular
user_00065,2024-06-07,61,M,Bekasi,Jawa Barat,>200k,19,4421.94,232.73,2025-07-04 10:19:42,Regular
user_00066,2025-06-30,37,F,Medan,Sumatera Utara,100-200k,50,15549.66,310.99,2025-07-10 10:19:42,VIP
user_00067,2024-08-05,47,F,Tangerang,Banten,25-50k,32,8413.88,262.93,2025-07-02 10:19:42,VIP
user_00068,2025-01-08,60,M,Semarang,Jawa Tengah,>200k,42,14062.58,334.82,2025-07-20 10:19:42,VIP
user_00069,2025-03-27,33,F,Medan,Sumatera Utara,25-50k,9,548.92,60.99,2025-07-23 10:19:42,Premium
user_00070,2024-03-01,57,M,Tangerang,Banten,100-200k,40,12362.08,309.05,2025-07-08 10:19:42,VIP
user_00071,2024-06-02,49,F,Medan,Sumatera Utara,25-50k,41,14736.63,359.43,2025-07-02 10:19:42,VIP
user_00072,2025-03-13,45,M,Bandung,Jawa Barat,>200k,29,2105.35,72.6,2025-07-23 10:19:42,VIP
user_00073,2025-02-26,47,M,Tangerang,Banten,>200k,35,11128.37,317.95,2025-06-30 10:19:42,VIP
user_00074,2024-04-03,57,F,Depok,Jawa Barat,100-200k,10,3846.45,384.64,2025-07-15 10:19:42,Regular
user_00075,2024-03-27,34,M,Semarang,Jawa Tengah,>200k,31,10293.14,332.04,2025-07-22 10:19:42,VIP
user_00076,2024-04-06,22,F,Medan,Sumatera Utara,50-100k,21,4071.26,193.87,2025-07-13 10:19:42,VIP
user_00077,2025-04-09,26,M,Medan,Sumatera Utara,100-200k,44,5225.54,118.76,2025-07-24 10:19:42,VIP
user_00078,2025-04-26,44,F,Makassar,Sulawesi Selatan,>200k,29,6875.85,237.1,2025-07-24 10:19:42,VIP
user_00079,2024-04-26,42,M,Bekasi,Jawa Barat,100-200k,30,1579.6,52.65,2025-07-19 10:19:42,VIP
user_00080,2024-08-29,42,F,Depok,Jawa Barat,>200k,38,17252.57,454.02,2025-07-15 10:19:42,VIP
user_00081,2024-11-18,35,F,Tangerang,Banten,<25k,24,4830.2,201.26,2025-07-09 10:19:42,VIP
user_00082,2024-05-12,64,M,Tangerang,Banten,25-50k,39,11323.87,290.36,2025-07-01 10:19:42,VIP
user_00083,2024-05-23,55,M,Surabaya,Jawa Timur,100-200k,8,3520.66,440.08,2025-07-25 10:19:42,Premium
user_00084,2025-05-10,34,F,Makassar,Sulawesi Selatan,25-50k,29,5715.34,197.08,2025-07-06 10:19:42,VIP
user_00085,2024-06-07,35,F,Semarang,Jawa Tengah,<25k,30,1761.67,58.72,2025-07-13 10:19:42,VIP
user_00086,2025-05-08,40,M,Surabaya,Jawa Timur,<25k,48,3070.25,63.96,2025-07-23 10:19:42,VIP
user_00087,2024-12-08,19,M,Medan,Sumatera Utara,25-50k,30,10537.69,351.26,2025-07-12 10:19:42,VIP
user_00088,2024-11-19,47,F,Makassar,Sulawesi Selatan,25-50k,38,12283.93,323.26,2025-07-07 10:19:42,VIP
user_00089,2025-03-05,28,F,Surabaya,Jawa Timur,>200k,1,468.0,468.0,2025-07-12 10:19:42,New
user_00090,2023-08-07,42,F,Medan,Sumatera Utara,<25k,37,13348.73,360.78,2025-07-10 10:19:42,VIP
user_00091,2024-10-25,24,F,Bekasi,Jawa Barat,<25k,50,24636.5,492.73,2025-07-05 10:19:42,VIP
user_00092,2025-05-19,40,F,Makassar,Sulawesi Selatan,<25k,32,10924.62,341.39,2025-07-30 10:19:42,VIP
user_00093,2024-04-26,49,M,Palembang,Sumatera Selatan,50-100k,40,18048.35,451.21,2025-07-16 10:19:42,VIP
user_00094,2025-01-25,45,M,Depok,Jawa Barat,50-100k,39,16133.9,413.69,2025-07-13 10:19:42,VIP
user_00095,2024-02-21,47,F,Bekasi,Jawa Barat,50-100k,20,8665.42,433.27,2025-07-04 10:19:42,VIP
user_00096,2025-04-03,35,F,Medan,Sumatera Utara,100-200k,36,11687.37,324.65,2025-07-18 10:19:42,VIP
user_00097,2024-07-21,19,F,Makassar,Sulawesi Selatan,25-50k,31,4509.07,145.45,2025-07-05 10:19:42,VIP
user_00098,2024-10-09,39,F,Bekasi,Jawa Barat,50-100k,35,1909.88,54.57,2025-06-30 10:19:42,VIP
user_00099,2024-12-17,23,M,Palembang,Sumatera Selatan,100-200k,35,13691.09,391.17,2025-07-08 10:19:42,VIP
user_00100,2024-02-29,59,F,Tangerang,Banten,<25k,5,912.03,182.41,2025-07-18 10:19:42,Premium
user_00101,2024-10-24,37,F,Tangerang,Banten,>200k,33,6754.8,204.69,2025-07-07 10:19:42,VIP
user_00102,2023-12-15,39,F,Tangerang,Banten,50-100k,19,3099.5,163.13,2025-07-27 10:19:42,Regular
user_00103,2024-12-15,38,M,Depok,Jawa Barat,25-50k,12,1768.48,147.37,2025-07-15 10:19:42,Regular
user_00104,2024-09-20,64,F,Surabaya,Jawa Timur,25-50k,18,2742.61,152.37,2025-07-25 10:19:42,Regular
user_00105,2024-08-25,18,M,Semarang,Jawa Tengah,<25k,3,897.03,299.01,2025-07-08 10:19:42,New
user_00106,2025-02-21,58,F,Surabaya,Jawa Timur,<25k,36,6406.3,177.95,2025-07-15 10:19:42,VIP
user_00107,2024-04-05,39,M,Jakarta,DKI Jakarta,50-100k,30,3040.18,101.34,2025-07-28 10:19:42,VIP
user_00108,2024-05-16,49,M,Bekasi,Jawa Barat,<25k,9,1054.25,117.14,2025-07-12 10:19:42,Premium
user_00109,2024-08-23,23,M,Surabaya,Jawa Timur,>200k,48,11389.36,237.28,2025-07-11 10:19:42,VIP
user_00110,2023-10-06,32,F,Tangerang,Banten,100-200k,19,8304.42,437.07,2025-07-17 10:19:42,Regular
user_00111,2024-08-22,54,M,Bekasi,Jawa Barat,<25k,48,6888.22,143.5,2025-07-24 10:19:42,VIP
user_00112,2024-10-03,60,M,Bandung,Jawa Barat,25-50k,11,3282.36,298.4,2025-07-25 10:19:42,Regular
user_00113,2025-06-28,44,F,Bekasi,Jawa Barat,100-200k,18,1164.38,64.69,2025-07-21 10:19:42,Regular
user_00114,2024-09-14,62,F,Surabaya,Jawa Timur,25-50k,16,6472.36,404.52,2025-07-10 10:19:42,Regular
user_00115,2023-11-05,60,M,Palembang,Sumatera Selatan,<25k,34,5139.58,151.16,2025-07-26 10:19:42,VIP
user_00116,2024-10-01,27,M,Jakarta,DKI Jakarta,25-50k,50,9421.27,188.43,2025-07-07 10:19:42,VIP
user_00117,2023-11-26,36,F,Surabaya,Jawa Timur,100-200k,44,8221.01,186.84,2025-07-18 10:19:42,VIP
user_00118,2024-09-25,50,F,Tangerang,Banten,<25k,38,2581.62,67.94,2025-07-17 10:19:42,VIP
user_00119,2024-08-04,56,F,Jakarta,DKI Jakarta,<25k,14,6760.04,482.86,2025-07-04 10:19:42,Regular
user_00120,2023-11-19,55,M,Semarang,Jawa Tengah,>200k,2,786.8,393.4,2025-07-25 10:19:42,New
user_00121,2024-03-06,51,F,Semarang,Jawa Tengah,25-50k,37,9107.49,246.15,2025-07-04 10:19:42,VIP
user_00122,2024-02-13,23,F,Makassar,Sulawesi Selatan,100-200k,21,4084.0,194.48,2025-07-27 10:19:42,VIP
user_00123,2025-01-17,39,F,Tangerang,Banten,50-100k,42,19964.16,475.34,2025-07-04 10:19:42,VIP
user_00124,2023-12-15,20,F,Surabaya,Jawa Timur,50-100k,16,3127.57,195.47,2025-07-06 10:19:42,Regular
user_00125,2024-05-13,50,M,Depok,Jawa Barat,100-200k,26,1934.19,74.39,2025-07-14 10:19:42,VIP
user_00126,2024-06-25,57,F,Tangerang,Banten,<25k,13,2212.28,170.18,2025-07-26 10:19:42,Regular
user_00127,2024-09-09,46,F,Surabaya,Jawa Timur,<25k,40,12959.69,323.99,2025-07-23 10:19:42,VIP
user_00128,2025-01-19,37,M,Depok,Jawa Barat,100-200k,5,755.58,151.12,2025-07-04 10:19:42,Premium
user_00129,2025-03-06,47,M,Bandung,Jawa Barat,100-200k,45,8160.2,181.34,2025-07-08 10:19:42,VIP
user_00130,2024-09-24,44,F,Tangerang,Banten,25-50k,29,8644.01,298.07,2025-07-18 10:19:42,VIP
user_00131,2024-12-17,56,M,Surabaya,Jawa Timur,50-100k,49,19869.64,405.5,2025-07-17 10:19:42,VIP
user_00132,2024-07-17,50,F,Jakarta,DKI Jakarta,50-100k,46,8480.11,184.35,2025-07-12 10:19:42,VIP
user_00133,2023-11-15,60,F,Bandung,Jawa Barat,100-200k,34,9110.42,267.95,2025-07-20 10:19:42,VIP
user_00134,2023-12-13,52,F,Tangerang,Banten,50-100k,12,5896.18,491.35,2025-07-23 10:19:42,Regular
user_00135,2023-11-23,42,M,Palembang,Sumatera Selatan,<25k,20,7702.35,385.12,2025-07-08 10:19:42,VIP
user_00136,2024-06-05,42,M,Tangerang,Banten,<25k,8,2208.25,276.03,2025-07-12 10:19:42,Premium
user_00137,2024-07-26,24,F,Surabaya,Jawa Timur,>200k,29,1650.29,56.91,2025-07-26 10:19:42,VIP
user_00138,2024-05-07,59,M,Surabaya,Jawa Timur,100-200k,50,24307.08,486.14,2025-07-20 10:19:42,VIP
user_00139,2023-10-01,62,F,Surabaya,Jawa Timur,50-100k,43,18778.27,436.7,2025-07-18 10:19:42,VIP
user_00140,2024-08-10,58,F,Depok,Jawa Barat,<25k,39,3150.78,80.79,2025-07-10 10:19:42,VIP
user_00141,2023-07-31,36,M,Surabaya,Jawa Timur,100-200k,6,2353.0,392.17,2025-07-08 10:19:42,Premium
user_00142,2025-03-20,46,M,Semarang,Jawa Tengah,<25k,2,391.94,195.97,2025-07-29 10:19:42,New
user_00143,2024-09-03,40,F,Palembang,Sumatera Selatan,25-50k,15,4335.37,289.02,2025-07-12 10:19:42,Regular
user_00144,2023-08-02,29,M,Bandung,Jawa Barat,<25k,39,17233.23,441.88,2025-07-11 10:19:42,VIP
user_00145,2023-08-01,33,F,Bekasi,Jawa Barat,25-50k,14,3605.24,257.52,2025-07-22 10:19:42,Regular
user_00146,2024-03-17,34,M,Tangerang,Banten,50-100k,43,12726.67,295.97,2025-07-28 10:19:42,VIP
user_00147,2024-04-04,40,F,Palembang,Sumatera Selatan,50-100k,29,12481.22,430.39,2025-07-24 10:19:42,VIP
user_00148,2024-06-02,48,M,Medan,Sumatera Utara,100-200k,36,7615.14,211.53,2025-07-21 10:19:42,VIP
user_00149,2024-09-01,19,F,Semarang,Jawa Tengah,<25k,36,15814.09,439.28,2025-07-06 10:19:42,VIP
user_00150,2025-05-11,56,F,Semarang,Jawa Tengah,25-50k,38,15613.04,410.87,2025-07-23 10:19:42,VIP
user_00151,2023-09-18,30,F,Bandung,Jawa Barat,<25k,40,13634.13,340.85,2025-07-21 10:19:42,VIP
user_00152,2024-04-05,20,F,Bandung,Jawa Barat,<25k,18,3546.42,197.02,2025-07-17 10:19:42,Regular
user_00153,2025-01-02,30,M,Depok,Jawa Barat,50-100k,33,9101.65,275.81,2025-07-22 10:19:42,VIP
user_00154,2025-01-13,34,F,Semarang,Jawa Tengah,50-100k,7,1825.24,260.75,2025-07-28 10:19:42,Premium
user_00155,2025-02-06,32,F,Depok,Jawa Barat,50-100k,5,2029.03,405.81,2025-07-30 10:19:42,Premium
user_00156,2024-10-03,52,M,Tangerang,Banten,50-100k,43,16643.37,387.06,2025-07-22 10:19:42,VIP
user_00157,2023-11-10,42,F,Surabaya,Jawa Timur,25-50k,30,1837.83,61.26,2025-07-02 10:19:42,VIP
user_00158,2023-12-04,38,M,Surabaya,Jawa Timur,100-200k,44,8183.37,185.99,2025-07-17 10:19:42,VIP
user_00159,2025-03-03,26,M,Jakarta,DKI Jakarta,50-100k,31,3169.88,102.25,2025-07-23 10:19:42,VIP
user_00160,2023-12-28,26,F,Tangerang,Banten,50-100k,42,20043.3,477.22,2025-07-08 10:19:42,VIP
user_00161,2023-12-25,44,M,Palembang,Sumatera Selatan,<25k,31,10138.35,327.04,2025-06-30 10:19:42,VIP
user_00162,2024-09-17,20,F,Medan,Sumatera Utara,100-200k,28,13377.0,477.75,2025-07-03 10:19:42,VIP
user_00163,2024-06-24,24,F,Depok,Jawa Barat,50-100k,3,687.49,229.16,2025-07-24 10:19:42,New
user_00164,2025-02-25,47,M,Medan,Sumatera Utara,>200k,1,72.76,72.76,2025-07-20 10:19:42,New
user_00165,2024-10-24,26,M,Surabaya,Jawa Timur,>200k,13,4080.34,313.87,2025-07-04 10:19:42,Regular
user_00166,2024-11-04,39,M,Bekasi,Jawa Barat,<25k,17,7416.81,436.28,2025-07-26 10:19:42,Regular
user_00167,2025-02-17,52,F,Bandung,Jawa Barat,<25k,42,18475.87,439.9,2025-07-26 10:19:42,VIP
user_00168,2025-06-15,40,M,Bekasi,Jawa Barat,50-100k,1,128.41,128.41,2025-07-29 10:19:42,New
user_00169,2025-02-21,65,F,Depok,Jawa Barat,<25k,47,3694.25,78.6,2025-07-16 10:19:42,VIP
user_00170,2024-06-25,50,M,Tangerang,Banten,>200k,14,6656.12,475.44,2025-07-29 10:19:42,Regular
user_00171,2023-08-26,51,F,Tangerang,Banten,<25k,3,1498.09,499.36,2025-07-03 10:19:42,New
user_00172,2024-05-15,45,M,Tangerang,Banten,100-200k,4,1818.68,454.67,2025-07-20 10:19:42,New
user_00173,2023-10-17,27,M,Bandung,Jawa Barat,50-100k,39,13060.5,334.88,2025-07-13 10:19:42,VIP
user_00174,2024-08-02,42,F,Tangerang,Banten,>200k,38,9256.41,243.59,2025-07-05 10:19:42,VIP
user_00175,2025-03-05,59,M,Palembang,Sumatera Selatan,100-200k,14,3307.03,236.22,2025-07-04 10:19:42,Regular
user_00176,2024-03-23,43,F,Surabaya,Jawa Timur,50-100k,27,5147.16,190.64,2025-07-22 10:19:42,VIP
user_00177,2024-06-12,27,F,Surabaya,Jawa Timur,<25k,5,459.77,91.95,2025-07-27 10:19:42,Premium
user_00178,2024-06-14,26,M,Bekasi,Jawa Barat,>200k,35,6941.92,198.34,2025-07-27 10:19:42,VIP
user_00179,2024-05-06,40,F,Jakarta,DKI Jakarta,50-100k,38,7242.88,190.6,2025-07-27 10:19:42,VIP
user_00180,2023-11-17,50,M,Bandung,Jawa Barat,100-200k,14,6037.83,431.27,2025-07-19 10:19:42,Regular
user_00181,2023-12-09,41,M,Semarang,Jawa Tengah,>200k,14,5785.49,413.25,2025-07-03 10:19:42,Regular
user_00182,2023-12-04,57,M,Bekasi,Jawa Barat,50-100k,1,131.19,131.19,2025-07-08 10:19:42,New
user_00183,2024-08-18,39,F,Jakarta,DKI Jakarta,25-50k,9,2743.6,304.84,2025-07-18 10:19:42,Premium
user_00184,2025-04-20,27,M,Surabaya,Jawa Timur,>200k,13,2850.74,219.29,2025-07-16 10:19:42,Regular
user_00185,2024-07-16,28,F,Semarang,Jawa Tengah,50-100k,49,23208.03,473.63,2025-07-11 10:19:42,VIP
user_00186,2025-04-05,21,M,Bandung,Jawa Barat,>200k,3,1059.86,353.29,2025-07-22 10:19:42,New
user_00187,2024-04-03,60,F,Tangerang,Banten,>200k,28,6618.72,236.38,2025-07-24 10:19:42,VIP
user_00188,2024-01-23,25,F,Palembang,Sumatera Selatan,<25k,18,6393.56,355.2,2025-07-12 10:19:42,Regular
user_00189,2024-02-18,51,F,Jakarta,DKI Jakarta,25-50k,25,12325.01,493.0,2025-07-29 10:19:42,VIP
user_00190,2025-06-23,31,F,Medan,Sumatera Utara,25-50k,48,7919.22,164.98,2025-07-20 10:19:42,VIP
user_00191,2025-02-28,18,F,Palembang,Sumatera Selatan,25-50k,8,1768.75,221.09,2025-07-08 10:19:42,Premium
user_00192,2024-11-07,50,F,Surabaya,Jawa Timur,100-200k,47,3244.69,69.04,2025-07-30 10:19:42,VIP
user_00193,2024-03-17,22,F,Bekasi,Jawa Barat,100-200k,36,8351.65,231.99,2025-07-10 10:19:42,VIP
user_00194,2024-04-29,36,M,Palembang,Sumatera Selatan,<25k,20,2546.86,127.34,2025-06-30 10:19:42,VIP
user_00195,2023-10-07,47,F,Surabaya,Jawa Timur,100-200k,6,956.95,159.49,2025-07-12 10:19:42,Premium
user_00196,2024-05-16,51,M,Palembang,Sumatera Selatan,50-100k,47,9530.71,202.78,2025-07-20 10:19:42,VIP
user_00197,2025-01-09,22,M,Depok,Jawa Barat,>200k,12,5491.98,457.67,2025-07-19 10:19:42,Regular
user_00198,2024-07-06,64,M,Medan,Sumatera Utara,<25k,9,1486.67,165.19,2025-07-25 10:19:42,Premium
user_00199,2023-10-23,27,M,Bandung,Jawa Barat,100-200k,29,11295.52,389.5,2025-07-06 10:19:42,VIP
user_00200,2023-11-15,46,F,Makassar,Sulawesi Selatan,25-50k,28,2260.41,80.73,2025-07-16 10:19:42,VIP
user_00201,2023-09-23,37,F,Bekasi,Jawa Barat,<25k,22,6122.64,278.3,2025-07-21 10:19:42,VIP
user_00202,2024-03-15,46,M,Jakarta,DKI Jakarta,50-100k,18,1521.52,84.53,2025-07-03 10:19:42,Regular
user_00203,2025-03-30,57,F,Tangerang,Banten,>200k,35,16779.15,479.4,2025-07-07 10:19:42,VIP
user_00204,2025-05-19,46,M,Makassar,Sulawesi Selatan,>200k,30,8268.46,275.62,2025-06-30 10:19:42,VIP
user_00205,2025-04-28,46,M,Makassar,Sulawesi Selatan,<25k,32,10904.23,340.76,2025-07-29 10:19:42,VIP
user_00206,2024-10-20,63,F,Tangerang,Banten,>200k,33,10705.61,324.41,2025-07-19 10:19:42,VIP
user_00207,2024-06-14,36,F,Palembang,Sumatera Selatan,50-100k,43,13719.09,319.05,2025-07-05 10:19:42,VIP
user_00208,2023-09-23,59,F,Surabaya,Jawa Timur,50-100k,6,1806.5,301.08,2025-07-18 10:19:42,Premium
user_00209,2024-09-13,34,M,Makassar,Sulawesi Selatan,<25k,37,12899.14,348.63,2025-07-01 10:19:42,VIP
user_00210,2024-07-07,37,F,Bandung,Jawa Barat,>200k,45,21244.54,472.1,2025-07-21 10:19:42,VIP
user_00211,2023-12-06,42,F,Bandung,Jawa Barat,>200k,5,1703.56,340.71,2025-07-17 10:19:42,Premium
user_00212,2024-01-27,41,M,Makassar,Sulawesi Selatan,50-100k,11,5258.29,478.03,2025-07-20 10:19:42,Regular
user_00213,2024-02-19,30,M,Bandung,Jawa Barat,25-50k,4,732.43,183.11,2025-07-05 10:19:42,New
user_00214,2025-03-19,50,M,Makassar,Sulawesi Selatan,>200k,8,2550.09,318.76,2025-07-26 10:19:42,Premium
user_00215,2025-01-15,29,M,Tangerang,Banten,<25k,26,5562.3,213.93,2025-07-07 10:19:42,VIP
user_00216,2024-10-30,46,F,Tangerang,Banten,25-50k,34,5359.28,157.63,2025-06-30 10:19:42,VIP
user_00217,2024-03-07,30,F,Bekasi,Jawa Barat,100-200k,29,11491.17,396.25,2025-07-06 10:19:42,VIP
user_00218,2024-06-04,50,F,Bandung,Jawa Barat,25-50k,38,4266.61,112.28,2025-07-22 10:19:42,VIP
user_00219,2025-05-08,59,F,Makassar,Sulawesi Selatan,>200k,6,2220.78,370.13,2025-07-14 10:19:42,Premium
user_00220,2025-02-23,36,M,Bandung,Jawa Barat,50-100k,28,12806.86,457.39,2025-07-26 10:19:42,VIP
user_00221,2024-04-09,23,M,Tangerang,Banten,50-100k,1,236.7,236.7,2025-07-18 10:19:42,New
user_00222,2024-02-02,41,M,Palembang,Sumatera Selatan,<25k,23,3473.98,151.04,2025-07-20 10:19:42,VIP
user_00223,2025-03-21,63,F,Bandung,Jawa Barat,25-50k,2,358.19,179.1,2025-07-04 10:19:42,New
user_00224,2024-03-04,62,M,Tangerang,Banten,100-200k,39,2042.16,52.36,2025-07-28 10:19:42,VIP
user_00225,2025-06-11,34,M,Bandung,Jawa Barat,>200k,46,14903.82,324.0,2025-07-17 10:19:42,VIP
user_00226,2025-03-09,36,M,Semarang,Jawa Tengah,<25k,3,471.89,157.3,2025-07-10 10:19:42,New
user_00227,2023-10-02,47,M,Surabaya,Jawa Timur,100-200k,38,11066.52,291.22,2025-07-10 10:19:42,VIP
user_00228,2024-01-20,54,M,Bandung,Jawa Barat,50-100k,27,1369.01,50.7,2025-07-19 10:19:42,VIP
user_00229,2024-10-27,54,F,Bandung,Jawa Barat,<25k,33,16123.62,488.59,2025-07-28 10:19:42,VIP
user_00230,2024-01-09,52,M,Palembang,Sumatera Selatan,100-200k,2,672.1,336.05,2025-07-19 10:19:42,New
user_00231,2024-10-14,65,M,Makassar,Sulawesi Selatan,<25k,22,3487.15,158.51,2025-07-09 10:19:42,VIP
user_00232,2023-09-26,24,F,Bandung,Jawa Barat,<25k,22,6505.54,295.71,2025-07-04 10:19:42,VIP
user_00233,2023-09-11,29,F,Tangerang,Banten,25-50k,8,627.16,78.4,2025-07-06 10:19:42,Premium
user_00234,2024-03-19,20,F,Medan,Sumatera Utara,<25k,50,6988.07,139.76,2025-07-29 10:19:42,VIP
user_00235,2024-08-11,37,F,Depok,Jawa Barat,100-200k,16,1063.67,66.48,2025-07-10 10:19:42,Regular
user_00236,2024-12-17,36,F,Jakarta,DKI Jakarta,50-100k,17,1802.23,106.01,2025-07-19 10:19:42,Regular
user_00237,2024-04-09,43,F,Palembang,Sumatera Selatan,50-100k,11,3006.21,273.29,2025-07-15 10:19:42,Regular
user_00238,2024-06-19,51,F,Surabaya,Jawa Timur,100-200k,5,1218.87,243.77,2025-07-04 10:19:42,Premium
user_00239,2024-12-28,52,F,Makassar,Sulawesi Selatan,<25k,5,987.82,197.56,2025-07-21 10:19:42,Premium
user_00240,2024-08-21,46,F,Bandung,Jawa Barat,100-200k,22,5526.58,251.21,2025-07-07 10:19:42,VIP
user_00241,2024-07-04,57,F,Semarang,Jawa Tengah,<25k,4,1408.13,352.03,2025-07-18 10:19:42,New
user_00242,2024-06-23,50,M,Jakarta,DKI Jakarta,25-50k,38,13495.32,355.14,2025-07-16 10:19:42,VIP
user_00243,2025-05-26,26,M,Medan,Sumatera Utara,50-100k,23,5112.54,222.28,2025-07-12 10:19:42,VIP
user_00244,2025-05-28,56,M,Tangerang,Banten,50-100k,23,5744.77,249.77,2025-07-28 10:19:42,VIP
user_00245,2023-11-21,26,F,Palembang,Sumatera Selatan,50-100k,41,7191.83,175.41,2025-06-30 10:19:42,VIP
user_00246,2025-03-06,19,M,Tangerang,Banten,>200k,24,11066.26,461.09,2025-07-27 10:19:42,VIP
user_00247,2024-10-05,34,F,Medan,Sumatera Utara,>200k,18,6521.24,362.29,2025-07-15 10:19:42,Regular
user_00248,2024-12-08,25,M,Surabaya,Jawa Timur,100-200k,11,4998.46,454.41,2025-07-16 10:19:42,Regular
user_00249,2025-04-02,61,F,Makassar,Sulawesi Selatan,<25k,35,10289.2,293.98,2025-07-02 10:19:42,VIP
user_00250,2024-08-27,28,M,Makassar,Sulawesi Selatan,>200k,14,1464.58,104.61,2025-07-24 10:19:42,Regular
user_00251,2025-02-08,33,F,Jakarta,DKI Jakarta,50-100k,35,10763.37,307.52,2025-07-16 10:19:42,VIP
user_00252,2023-12-14,26,M,Surabaya,Jawa Timur,50-100k,25,12495.44,499.82,2025-07-07 10:19:42,VIP
user_00253,2024-02-26,51,F,Palembang,Sumatera Selatan,>200k,4,425.59,106.4,2025-07-20 10:19:42,New
user_00254,2023-09-12,22,F,Tangerang,Banten,>200k,22,2370.51,107.75,2025-07-04 10:19:42,VIP
user_00255,2023-12-14,58,M,Bandung,Jawa Barat,100-200k,32,14714.26,459.82,2025-07-29 10:19:42,VIP
user_00256,2025-02-23,51,M,Semarang,Jawa Tengah,25-50k,10,1951.97,195.2,2025-07-08 10:19:42,Regular
user_00257,2024-11-12,40,F,Surabaya,Jawa Timur,50-100k,12,4029.31,335.78,2025-07-13 10:19:42,Regular
user_00258,2024-09-22,26,F,Bekasi,Jawa Barat,>200k,5,1380.79,276.16,2025-07-25 10:19:42,Premium
user_00259,2023-11-02,55,M,Bandung,Jawa Barat,>200k,46,20971.42,455.9,2025-07-20 10:19:42,VIP
user_00260,2023-12-01,20,M,Surabaya,Jawa Timur,<25k,41,16275.36,396.96,2025-07-22 10:19:42,VIP
user_00261,2023-09-03,31,F,Bekasi,Jawa Barat,<25k,31,13951.51,450.05,2025-07-13 10:19:42,VIP
user_00262,2024-09-07,59,F,Tangerang,Banten,25-50k,43,10007.89,232.74,2025-07-16 10:19:42,VIP
user_00263,2025-04-17,62,M,Bandung,Jawa Barat,100-200k,26,6965.74,267.91,2025-07-24 10:19:42,VIP
user_00264,2024-07-17,56,M,Makassar,Sulawesi Selatan,50-100k,46,22752.08,494.61,2025-07-19 10:19:42,VIP
user_00265,2024-05-18,26,F,Depok,Jawa Barat,>200k,6,1161.61,193.6,2025-07-16 10:19:42,Premium
user_00266,2025-02-25,35,F,Medan,Sumatera Utara,25-50k,6,436.63,72.77,2025-06-30 10:19:42,Premium
user_00267,2024-06-02,57,F,Medan,Sumatera Utara,25-50k,20,9403.76,470.19,2025-07-07 10:19:42,VIP
user_00268,2024-08-14,30,M,Tangerang,Banten,>200k,29,7958.81,274.44,2025-07-21 10:19:42,VIP
user_00269,2024-02-07,19,M,Palembang,Sumatera Selatan,>200k,29,14065.26,485.01,2025-07-24 10:19:42,VIP
user_00270,2023-11-11,40,M,Jakarta,DKI Jakarta,50-100k,31,9885.39,318.88,2025-07-04 10:19:42,VIP
user_00271,2023-08-31,61,F,Semarang,Jawa Tengah,>200k,0,0.0,0.0,2025-07-17 10:19:42,New
user_00272,2025-02-13,34,F,Palembang,Sumatera Selatan,50-100k,2,460.52,230.26,2025-07-12 10:19:42,New
user_00273,2023-12-03,30,F,Depok,Jawa Barat,50-100k,4,895.43,223.86,2025-07-16 10:19:42,New
user_00274,2023-12-15,35,M,Bandung,Jawa Barat,<25k,25,5448.48,217.94,2025-07-20 10:19:42,VIP
user_00275,2023-12-07,41,M,Medan,Sumatera Utara,>200k,32,7379.97,230.62,2025-07-29 10:19:42,VIP
user_00276,2025-05-15,20,M,Makassar,Sulawesi Selatan,100-200k,33,8436.28,255.64,2025-07-11 10:19:42,VIP
user_00277,2024-01-20,26,F,Bekasi,Jawa Barat,50-100k,10,2268.3,226.83,2025-07-11 10:19:42,Regular
user_00278,2024-08-28,55,F,Depok,Jawa Barat,>200k,34,9194.65,270.43,2025-07-12 10:19:42,VIP
user_00279,2024-08-28,48,M,Makassar,Sulawesi Selatan,50-100k,43,4270.85,99.32,2025-07-17 10:19:42,VIP
user_00280,2023-11-11,37,M,Bekasi,Jawa Barat,100-200k,16,7762.91,485.18,2025-07-05 10:19:42,Regular
user_00281,2023-11-16,54,M,Jakarta,DKI Jakarta,>200k,30,3801.91,126.73,2025-07-10 10:19:42,VIP
user_00282,2023-10-05,42,M,Medan,Sumatera Utara,<25k,36,17160.92,476.69,2025-07-27 10:19:42,VIP
user_00283,2024-12-17,19,F,Makassar,Sulawesi Selatan,100-200k,9,2122.49,235.83,2025-07-24 10:19:42,Premium
user_00284,2024-05-06,50,F,Jakarta,DKI Jakarta,25-50k,33,4729.02,143.3,2025-07-20 10:19:42,VIP
user_00285,2023-08-22,48,F,Makassar,Sulawesi Selatan,25-50k,29,13353.22,460.46,2025-07-20 10:19:42,VIP
user_00286,2023-12-19,40,F,Bekasi,Jawa Barat,100-200k,12,5769.62,480.8,2025-07-22 10:19:42,Regular
user_00287,2023-12-07,37,M,Semarang,Jawa Tengah,50-100k,45,6447.38,143.28,2025-07-08 10:19:42,VIP
user_00288,2024-02-16,38,F,Makassar,Sulawesi Selatan,>200k,50,18737.45,374.75,2025-07-21 10:19:42,VIP
user_00289,2025-02-26,54,F,Palembang,Sumatera Selatan,50-100k,49,20191.78,412.08,2025-07-21 10:19:42,VIP
user_00290,2025-05-18,36,M,Makassar,Sulawesi Selatan,100-200k,41,6781.39,165.4,2025-07-15 10:19:42,VIP
user_00291,2024-11-23,30,F,Depok,Jawa Barat,50-100k,8,793.22,99.15,2025-07-07 10:19:42,Premium
user_00292,2023-11-08,33,M,Jakarta,DKI Jakarta,>200k,14,4719.05,337.08,2025-07-29 10:19:42,Regular
user_00293,2025-03-20,44,F,Tangerang,Banten,<25k,43,17064.32,396.84,2025-07-30 10:19:42,VIP
user_00294,2023-12-15,28,F,Tangerang,Banten,100-200k,41,5729.96,139.76,2025-06-30 10:19:42,VIP
user_00295,2024-09-09,38,F,Jakarta,DKI Jakarta,<25k,41,12642.76,308.36,2025-07-13 10:19:42,VIP
user_00296,2025-05-23,29,F,Bandung,Jawa Barat,<25k,25,10114.56,404.58,2025-07-25 10:19:42,VIP
user_00297,2024-09-07,20,M,Semarang,Jawa Tengah,>200k,38,3734.84,98.29,2025-07-20 10:19:42,VIP
user_00298,2024-09-12,47,F,Bandung,Jawa Barat,>200k,29,5010.52,172.78,2025-07-05 10:19:42,VIP
user_00299,2025-03-07,39,M,Tangerang,Banten,50-100k,45,6020.53,133.79,2025-07-07 10:19:42,VIP
user_00300,2024-07-20,36,M,Bandung,Jawa Barat,>200k,40,18146.77,453.67,2025-07-04 10:19:42,VIP
user_00301,2024-04-19,50,F,Surabaya,Jawa Timur,100-200k,42,3902.78,92.92,2025-07-26 10:19:42,VIP
user_00302,2024-02-28,38,M,Jakarta,DKI Jakarta,50-100k,24,3743.63,155.98,2025-07-06 10:19:42,VIP
user_00303,2024-09-30,39,F,Bekasi,Jawa Barat,>200k,0,0.0,0.0,2025-07-19 10:19:42,New
user_00304,2024-11-01,21,M,Tangerang,Banten,50-100k,10,2324.37,232.44,2025-07-14 10:19:42,Regular
user_00305,2024-08-16,62,M,Semarang,Jawa Tengah,50-100k,39,5825.9,149.38,2025-06-30 10:19:42,VIP
user_00306,2025-02-14,48,M,Tangerang,Banten,>200k,23,5454.0,237.13,2025-07-13 10:19:42,VIP
user_00307,2024-03-05,52,M,Medan,Sumatera Utara,>200k,50,4342.08,86.84,2025-07-16 10:19:42,VIP
user_00308,2024-01-07,63,F,Surabaya,Jawa Timur,>200k,7,544.54,77.79,2025-07-13 10:19:42,Premium
user_00309,2024-01-30,30,M,Bandung,Jawa Barat,50-100k,33,8211.33,248.83,2025-07-09 10:19:42,VIP
user_00310,2024-12-02,63,F,Surabaya,Jawa Timur,>200k,28,11589.52,413.91,2025-07-16 10:19:42,VIP
user_00311,2025-02-15,50,F,Tangerang,Banten,>200k,3,904.38,301.46,2025-07-09 10:19:42,New
user_00312,2024-08-19,64,M,Palembang,Sumatera Selatan,50-100k,0,0.0,0.0,2025-07-12 10:19:42,New
user_00313,2025-04-17,20,F,Makassar,Sulawesi Selatan,<25k,34,16910.09,497.36,2025-07-01 10:19:42,VIP
user_00314,2025-04-21,48,M,Semarang,Jawa Tengah,100-200k,11,4356.41,396.04,2025-07-06 10:19:42,Regular
user_00315,2023-09-13,64,F,Makassar,Sulawesi Selatan,100-200k,28,12357.22,441.33,2025-07-01 10:19:42,VIP
user_00316,2024-06-09,42,M,Depok,Jawa Barat,25-50k,41,17922.29,437.13,2025-07-27 10:19:42,VIP
user_00317,2024-12-30,52,F,Depok,Jawa Barat,25-50k,46,22559.59,490.43,2025-07-04 10:19:42,VIP
user_00318,2025-06-27,19,F,Tangerang,Banten,>200k,27,7812.99,289.37,2025-07-04 10:19:42,VIP
user_00319,2024-11-07,33,F,Makassar,Sulawesi Selatan,25-50k,17,2291.88,134.82,2025-07-02 10:19:42,Regular
user_00320,2025-03-07,20,F,Bekasi,Jawa Barat,<25k,15,2141.05,142.74,2025-07-27 10:19:42,Regular
user_00321,2023-10-31,20,F,Bekasi,Jawa Barat,<25k,15,5748.65,383.24,2025-07-18 10:19:42,Regular
user_00322,2024-04-07,32,M,Jakarta,DKI Jakarta,25-50k,32,15906.16,497.07,2025-07-23 10:19:42,VIP
user_00323,2023-11-19,38,F,Medan,Sumatera Utara,50-100k,9,4442.07,493.56,2025-07-14 10:19:42,Premium
user_00324,2024-11-16,44,F,Semarang,Jawa Tengah,<25k,35,16689.19,476.83,2025-07-02 10:19:42,VIP
user_00325,2025-01-02,58,F,Depok,Jawa Barat,100-200k,3,1462.59,487.53,2025-06-30 10:19:42,New
user_00326,2023-09-11,60,F,Depok,Jawa Barat,50-100k,44,10443.23,237.35,2025-07-26 10:19:42,VIP
user_00327,2024-08-27,42,M,Depok,Jawa Barat,100-200k,15,6483.05,432.2,2025-07-21 10:19:42,Regular
user_00328,2025-02-03,47,M,Depok,Jawa Barat,100-200k,26,7820.26,300.78,2025-07-26 10:19:42,VIP
user_00329,2024-05-29,33,F,Medan,Sumatera Utara,50-100k,41,3508.85,85.58,2025-07-16 10:19:42,VIP
user_00330,2024-06-16,23,M,Jakarta,DKI Jakarta,50-100k,24,8475.66,353.15,2025-07-11 10:19:42,VIP
user_00331,2025-05-21,22,M,Bekasi,Jawa Barat,>200k,13,3454.46,265.73,2025-07-03 10:19:42,Regular
user_00332,2024-07-25,37,M,Medan,Sumatera Utara,25-50k,47,4831.24,102.79,2025-07-06 10:19:42,VIP
user_00333,2024-02-26,33,M,Palembang,Sumatera Selatan,25-50k,35,6815.44,194.73,2025-07-21 10:19:42,VIP
user_00334,2024-06-06,47,F,Semarang,Jawa Tengah,50-100k,23,6457.65,280.77,2025-07-15 10:19:42,VIP
user_00335,2024-03-10,24,F,Makassar,Sulawesi Selatan,25-50k,23,4388.74,190.81,2025-07-29 10:19:42,VIP
user_00336,2023-12-02,32,M,Jakarta,DKI Jakarta,50-100k,35,16472.44,470.64,2025-07-12 10:19:42,VIP
user_00337,2024-04-29,36,M,Medan,Sumatera Utara,50-100k,14,3092.99,220.93,2025-07-04 10:19:42,Regular
user_00338,2024-10-22,49,F,Semarang,Jawa Tengah,100-200k,46,15583.08,338.76,2025-07-15 10:19:42,VIP
user_00339,2024-03-16,28,F,Bandung,Jawa Barat,25-50k,46,13613.51,295.95,2025-07-25 10:19:42,VIP
user_00340,2023-12-23,59,M,Depok,Jawa Barat,<25k,4,1901.34,475.33,2025-07-09 10:19:42,New
user_00341,2025-05-12,18,F,Bandung,Jawa Barat,25-50k,4,1472.91,368.23,2025-07-30 10:19:42,New
user_00342,2024-11-19,50,F,Makassar,Sulawesi Selatan,<25k,39,13142.14,336.98,2025-07-01 10:19:42,VIP
user_00343,2023-10-08,48,F,Jakarta,DKI Jakarta,<25k,34,10140.15,298.24,2025-07-30 10:19:42,VIP
user_00344,2025-06-13,51,F,Depok,Jawa Barat,50-100k,1,276.0,276.0,2025-07-08 10:19:42,New
user_00345,2023-08-10,45,M,Surabaya,Jawa Timur,<25k,33,3861.13,117.0,2025-07-24 10:19:42,VIP
user_00346,2023-10-05,51,F,Makassar,Sulawesi Selatan,50-100k,50,11430.17,228.6,2025-07-19 10:19:42,VIP
user_00347,2024-05-11,47,M,Medan,Sumatera Utara,50-100k,43,18173.0,422.63,2025-07-28 10:19:42,VIP
user_00348,2023-08-31,59,M,Surabaya,Jawa Timur,100-200k,24,5273.43,219.73,2025-07-15 10:19:42,VIP
user_00349,2025-05-04,58,M,Bandung,Jawa Barat,<25k,31,13342.35,430.4,2025-07-10 10:19:42,VIP
user_00350,2024-07-26,54,M,Depok,Jawa Barat,<25k,14,2031.93,145.14,2025-07-03 10:19:42,Regular
user_00351,2023-11-28,48,F,Jakarta,DKI Jakarta,<25k,43,20060.07,466.51,2025-07-02 10:19:42,VIP
user_00352,2023-12-22,54,M,Bandung,Jawa Barat,50-100k,1,482.66,482.66,2025-07-12 10:19:42,New
user_00353,2025-02-03,63,F,Surabaya,Jawa Timur,50-100k,10,3037.81,303.78,2025-07-12 10:19:42,Regular
user_00354,2024-05-28,61,F,Palembang,Sumatera Selatan,25-50k,50,24740.75,494.82,2025-07-07 10:19:42,VIP
user_00355,2025-04-11,50,F,Jakarta,DKI Jakarta,<25k,27,4170.55,154.46,2025-07-28 10:19:42,VIP
user_00356,2024-07-17,56,F,Makassar,Sulawesi Selatan,<25k,40,6919.89,173.0,2025-07-16 10:19:42,VIP
user_00357,2024-02-14,32,F,Depok,Jawa Barat,100-200k,27,3606.71,133.58,2025-07-12 10:19:42,VIP
user_00358,2023-08-24,42,M,Bekasi,Jawa Barat,50-100k,15,5563.48,370.9,2025-07-28 10:19:42,Regular
user_00359,2024-09-29,27,F,Bandung,Jawa Barat,100-200k,20,4246.3,212.32,2025-07-28 10:19:42,VIP
user_00360,2025-06-25,37,F,Makassar,Sulawesi Selatan,50-100k,6,657.77,109.63,2025-07-25 10:19:42,Premium
user_00361,2024-04-15,46,F,Surabaya,Jawa Timur,<25k,5,1046.31,209.26,2025-07-28 10:19:42,Premium
user_00362,2023-10-28,56,F,Palembang,Sumatera Selatan,<25k,18,4251.86,236.21,2025-07-06 10:19:42,Regular
user_00363,2025-04-05,64,M,Bekasi,Jawa Barat,>200k,10,3583.92,358.39,2025-07-25 10:19:42,Regular
user_00364,2025-02-08,35,F,Semarang,Jawa Tengah,100-200k,9,706.23,78.47,2025-07-17 10:19:42,Premium
user_00365,2024-09-21,44,F,Tangerang,Banten,<25k,23,3755.09,163.26,2025-07-23 10:19:42,VIP
user_00366,2023-09-29,49,M,Tangerang,Banten,<25k,8,1496.77,187.1,2025-06-30 10:19:42,Premium
user_00367,2024-05-21,39,F,Makassar,Sulawesi Selatan,100-200k,21,5119.32,243.78,2025-07-04 10:19:42,VIP
user_00368,2023-09-03,56,M,Semarang,Jawa Tengah,50-100k,38,18098.47,476.28,2025-07-24 10:19:42,VIP
user_00369,2024-02-26,38,M,Palembang,Sumatera Selatan,50-100k,18,6852.48,380.69,2025-07-10 10:19:42,Regular
user_00370,2024-02-14,54,M,Makassar,Sulawesi Selatan,100-200k,17,7096.18,417.42,2025-07-18 10:19:42,Regular
user_00371,2024-06-22,25,M,Bekasi,Jawa Barat,>200k,11,3924.48,356.77,2025-07-13 10:19:42,Regular
user_00372,2025-06-03,64,F,Medan,Sumatera Utara,100-200k,18,7633.38,424.08,2025-07-28 10:19:42,Regular
user_00373,2024-05-08,61,F,Bandung,Jawa Barat,50-100k,15,2455.6,163.71,2025-07-26 10:19:42,Regular
user_00374,2024-04-23,42,M,Tangerang,Banten,>200k,30,9360.29,312.01,2025-07-13 10:19:42,VIP
user_00375,2024-01-29,62,F,Depok,Jawa Barat,<25k,50,24289.63,485.79,2025-07-08 10:19:42,VIP
user_00376,2023-12-29,56,M,Surabaya,Jawa Timur,25-50k,42,14662.71,349.11,2025-07-25 10:19:42,VIP
user_00377,2023-09-07,57,M,Bekasi,Jawa Barat,100-200k,48,9562.49,199.22,2025-07-05 10:19:42,VIP
user_00378,2024-04-16,24,M,Surabaya,Jawa Timur,50-100k,14,3917.26,279.8,2025-07-14 10:19:42,Regular
user_00379,2023-12-07,55,M,Tangerang,Banten,50-100k,25,6459.46,258.38,2025-07-09 10:19:42,VIP
user_00380,2023-11-06,62,M,Makassar,Sulawesi Selatan,<25k,30,2911.42,97.05,2025-07-17 10:19:42,VIP
user_00381,2025-04-04,25,M,Makassar,Sulawesi Selatan,50-100k,21,5352.89,254.9,2025-07-24 10:19:42,VIP
user_00382,2024-01-14,48,F,Tangerang,Banten,<25k,28,10497.12,374.9,2025-07-16 10:19:42,VIP
user_00383,2024-08-08,22,F,Jakarta,DKI Jakarta,<25k,1,432.13,432.13,2025-07-10 10:19:42,New
user_00384,2025-03-11,61,M,Medan,Sumatera Utara,>200k,11,3281.96,298.36,2025-07-20 10:19:42,Regular
user_00385,2023-12-05,45,F,Medan,Sumatera Utara,100-200k,40,5320.13,133.0,2025-07-10 10:19:42,VIP
user_00386,2023-08-27,45,F,Jakarta,DKI Jakarta,>200k,12,3027.71,252.31,2025-07-17 10:19:42,Regular
user_00387,2024-05-28,18,M,Medan,Sumatera Utara,50-100k,48,17601.21,366.69,2025-07-05 10:19:42,VIP
user_00388,2025-04-27,54,M,Depok,Jawa Barat,25-50k,23,4523.94,196.69,2025-07-16 10:19:42,VIP
user_00389,2025-03-06,34,F,Depok,Jawa Barat,50-100k,38,8545.73,224.89,2025-07-18 10:19:42,VIP
user_00390,2023-11-07,25,F,Makassar,Sulawesi Selatan,100-200k,39,4977.86,127.64,2025-07-09 10:19:42,VIP
user_00391,2024-08-30,57,M,Bandung,Jawa Barat,50-100k,7,1101.5,157.36,2025-07-27 10:19:42,Premium
user_00392,2024-12-25,41,M,Depok,Jawa Barat,100-200k,26,8278.18,318.39,2025-07-12 10:19:42,VIP
user_00393,2024-06-03,45,M,Tangerang,Banten,>200k,44,20399.39,463.62,2025-07-01 10:19:42,VIP
user_00394,2025-01-04,53,M,Tangerang,Banten,50-100k,8,1073.55,134.19,2025-07-04 10:19:42,Premium
user_00395,2024-03-26,57,M,Makassar,Sulawesi Selatan,<25k,31,3454.66,111.44,2025-07-04 10:19:42,VIP
user_00396,2024-06-02,53,F,Palembang,Sumatera Selatan,100-200k,26,9608.67,369.56,2025-07-16 10:19:42,VIP
user_00397,2024-02-16,28,M,Bekasi,Jawa Barat,<25k,50,19623.77,392.48,2025-07-21 10:19:42,VIP
user_00398,2025-05-28,35,M,Depok,Jawa Barat,50-100k,10,4013.33,401.33,2025-07-12 10:19:42,Regular
user_00399,2024-02-09,53,M,Bekasi,Jawa Barat,<25k,17,6779.61,398.8,2025-07-04 10:19:42,Regular
user_00400,2024-06-20,52,M,Tangerang,Banten,>200k,13,6440.19,495.4,2025-07-27 10:19:42,Regular
user_00401,2023-08-31,33,F,Jakarta,DKI Jakarta,100-200k,16,3309.75,206.86,2025-07-04 10:19:42,Regular
user_00402,2025-04-02,46,M,Medan,Sumatera Utara,25-50k,47,14784.59,314.57,2025-07-19 10:19:42,VIP
user_00403,2023-10-15,58,F,Bandung,Jawa Barat,>200k,8,3225.46,403.18,2025-07-04 10:19:42,Premium
user_00404,2024-12-01,21,F,Depok,Jawa Barat,50-100k,38,11112.94,292.45,2025-07-20 10:19:42,VIP
user_00405,2024-09-04,36,F,Depok,Jawa Barat,<25k,8,3865.98,483.25,2025-07-05 10:19:42,Premium
user_00406,2024-05-05,21,F,Bandung,Jawa Barat,25-50k,15,1737.14,115.81,2025-07-20 10:19:42,Regular
user_00407,2024-10-20,61,F,Tangerang,Banten,25-50k,36,12044.91,334.58,2025-07-10 10:19:42,VIP
user_00408,2024-05-02,42,F,Surabaya,Jawa Timur,<25k,25,7050.65,282.03,2025-07-22 10:19:42,VIP
user_00409,2024-06-18,47,F,Makassar,Sulawesi Selatan,>200k,0,0.0,0.0,2025-07-03 10:19:42,New
user_00410,2025-03-27,64,F,Makassar,Sulawesi Selatan,<25k,50,14524.55,290.49,2025-07-24 10:19:42,VIP
user_00411,2024-04-17,31,F,Semarang,Jawa Tengah,50-100k,18,3635.82,201.99,2025-07-12 10:19:42,Regular
user_00412,2025-02-17,54,F,Makassar,Sulawesi Selatan,<25k,2,189.62,94.81,2025-07-05 10:19:42,New
user_00413,2024-03-17,19,M,Bandung,Jawa Barat,100-200k,29,1458.82,50.3,2025-06-30 10:19:42,VIP
user_00414,2024-04-18,30,M,Semarang,Jawa Tengah,25-50k,17,1564.05,92.0,2025-07-19 10:19:42,Regular
user_00415,2024-10-17,23,F,Bandung,Jawa Barat,<25k,25,8288.05,331.52,2025-07-07 10:19:42,VIP
user_00416,2024-11-03,45,M,Surabaya,Jawa Timur,<25k,13,3439.32,264.56,2025-07-26 10:19:42,Regular
user_00417,2023-11-01,32,F,Jakarta,DKI Jakarta,<25k,44,9002.77,204.61,2025-07-27 10:19:42,VIP
user_00418,2024-04-24,62,M,Tangerang,Banten,<25k,14,3113.34,222.38,2025-07-07 10:19:42,Regular
user_00419,2025-03-18,24,F,Makassar,Sulawesi Selatan,50-100k,8,1777.8,222.22,2025-07-04 10:19:42,Premium
user_00420,2025-02-14,59,M,Surabaya,Jawa Timur,>200k,36,1937.29,53.81,2025-07-10 10:19:42,VIP
user_00421,2025-01-13,46,F,Medan,Sumatera Utara,25-50k,26,8508.09,327.23,2025-07-16 10:19:42,VIP
user_00422,2024-11-20,23,M,Bandung,Jawa Barat,<25k,37,14004.65,378.5,2025-07-19 10:19:42,VIP
user_00423,2024-04-17,38,M,Medan,Sumatera Utara,50-100k,41,3604.39,87.91,2025-07-13 10:19:42,VIP
user_00424,2023-10-24,56,F,Jakarta,DKI Jakarta,50-100k,13,3678.83,282.99,2025-07-14 10:19:42,Regular
user_00425,2024-12-19,65,F,Semarang,Jawa Tengah,<25k,50,22703.03,454.06,2025-06-30 10:19:42,VIP
user_00426,2024-10-28,49,F,Surabaya,Jawa Timur,25-50k,31,10451.25,337.14,2025-07-28 10:19:42,VIP
user_00427,2024-01-07,18,F,Makassar,Sulawesi Selatan,25-50k,24,10496.79,437.37,2025-07-12 10:19:42,VIP
user_00428,2024-04-26,41,M,Tangerang,Banten,<25k,1,314.31,314.31,2025-07-30 10:19:42,New
user_00429,2024-10-05,31,M,Jakarta,DKI Jakarta,100-200k,32,5725.42,178.92,2025-07-08 10:19:42,VIP
user_00430,2024-02-03,44,F,Palembang,Sumatera Selatan,<25k,40,11658.17,291.45,2025-07-11 10:19:42,VIP
user_00431,2025-01-25,35,M,Semarang,Jawa Tengah,<25k,32,14861.32,464.42,2025-07-05 10:19:42,VIP
user_00432,2025-01-22,52,F,Palembang,Sumatera Selatan,>200k,40,15738.03,393.45,2025-07-10 10:19:42,VIP
user_00433,2023-08-03,59,M,Semarang,Jawa Tengah,100-200k,46,22035.96,479.04,2025-07-23 10:19:42,VIP
user_00434,2025-05-02,33,M,Palembang,Sumatera Selatan,<25k,29,9440.47,325.53,2025-07-29 10:19:42,VIP
user_00435,2024-08-18,60,M,Surabaya,Jawa Timur,<25k,45,5028.54,111.75,2025-07-30 10:19:42,VIP
user_00436,2025-01-14,49,F,Depok,Jawa Barat,>200k,50,21006.4,420.13,2025-07-22 10:19:42,VIP
user_00437,2025-01-11,41,M,Semarang,Jawa Tengah,<25k,49,22292.74,454.95,2025-07-20 10:19:42,VIP
user_00438,2024-04-17,35,M,Semarang,Jawa Tengah,>200k,40,3387.26,84.68,2025-07-16 10:19:42,VIP
user_00439,2024-01-24,41,M,Tangerang,Banten,>200k,10,2154.6,215.46,2025-07-22 10:19:42,Regular
user_00440,2025-03-17,54,M,Medan,Sumatera Utara,>200k,0,0.0,0.0,2025-07-03 10:19:42,New
user_00441,2025-06-18,33,M,Tangerang,Banten,50-100k,24,11138.45,464.1,2025-07-25 10:19:42,VIP
user_00442,2025-05-25,53,F,Medan,Sumatera Utara,50-100k,15,3559.73,237.32,2025-07-07 10:19:42,Regular
user_00443,2024-08-07,35,M,Bekasi,Jawa Barat,50-100k,7,1931.43,275.92,2025-07-02 10:19:42,Premium
user_00444,2025-05-08,29,M,Depok,Jawa Barat,<25k,25,2025.42,81.02,2025-07-16 10:19:42,VIP
user_00445,2024-09-14,37,F,Surabaya,Jawa Timur,>200k,29,1554.0,53.59,2025-07-24 10:19:42,VIP
user_00446,2024-09-05,54,F,Bekasi,Jawa Barat,25-50k,29,6255.97,215.72,2025-07-15 10:19:42,VIP
user_00447,2024-12-12,64,M,Bandung,Jawa Barat,<25k,26,1579.75,60.76,2025-07-13 10:19:42,VIP
user_00448,2024-07-11,58,M,Makassar,Sulawesi Selatan,<25k,48,16597.76,345.79,2025-07-03 10:19:42,VIP
user_00449,2024-08-20,24,M,Depok,Jawa Barat,25-50k,26,7056.74,271.41,2025-07-29 10:19:42,VIP
user_00450,2025-02-05,63,F,Surabaya,Jawa Timur,<25k,14,6352.91,453.78,2025-07-14 10:19:42,Regular
user_00451,2024-05-04,62,F,Tangerang,Banten,<25k,37,3441.36,93.01,2025-07-26 10:19:42,VIP
user_00452,2023-09-17,43,M,Bekasi,Jawa Barat,>200k,3,737.23,245.74,2025-06-30 10:19:42,New
user_00453,2025-02-17,33,F,Semarang,Jawa Tengah,50-100k,25,9133.16,365.33,2025-07-07 10:19:42,VIP
user_00454,2024-07-31,38,F,Semarang,Jawa Tengah,25-50k,4,1898.4,474.6,2025-07-26 10:19:42,New
user_00455,2023-11-10,24,M,Surabaya,Jawa Timur,25-50k,28,7272.29,259.72,2025-07-17 10:19:42,VIP
user_00456,2025-02-27,52,F,Medan,Sumatera Utara,100-200k,19,4911.61,258.51,2025-07-03 10:19:42,Regular
user_00457,2025-02-28,23,M,Semarang,Jawa Tengah,>200k,2,293.52,146.76,2025-07-03 10:19:42,New
user_00458,2024-07-30,27,M,Medan,Sumatera Utara,50-100k,25,7026.42,281.06,2025-07-09 10:19:42,VIP
user_00459,2024-08-28,34,M,Jakarta,DKI Jakarta,100-200k,28,8405.02,300.18,2025-07-13 10:19:42,VIP
user_00460,2024-10-18,24,F,Surabaya,Jawa Timur,25-50k,7,387.66,55.38,2025-07-04 10:19:42,Premium
user_00461,2024-11-15,26,M,Palembang,Sumatera Selatan,50-100k,43,14346.26,333.63,2025-07-10 10:19:42,VIP
user_00462,2025-04-05,55,F,Surabaya,Jawa Timur,<25k,4,555.95,138.99,2025-07-10 10:19:42,New
user_00463,2024-04-02,26,M,Makassar,Sulawesi Selatan,<25k,2,948.05,474.03,2025-07-29 10:19:42,New
user_00464,2025-01-09,54,F,Palembang,Sumatera Selatan,100-200k,1,222.23,222.23,2025-07-17 10:19:42,New
user_00465,2025-01-05,40,M,Bandung,Jawa Barat,50-100k,17,4261.99,250.71,2025-07-26 10:19:42,Regular
user_00466,2025-05-26,57,M,Semarang,Jawa Tengah,100-200k,26,11628.51,447.25,2025-07-15 10:19:42,VIP
user_00467,2025-04-29,23,F,Palembang,Sumatera Selatan,25-50k,26,3633.66,139.76,2025-07-02 10:19:42,VIP
user_00468,2024-01-09,33,M,Palembang,Sumatera Selatan,50-100k,30,8850.99,295.03,2025-07-15 10:19:42,VIP
user_00469,2024-07-13,54,F,Palembang,Sumatera Selatan,50-100k,11,679.01,61.73,2025-07-11 10:19:42,Regular
user_00470,2024-11-18,19,F,Jakarta,DKI Jakarta,100-200k,33,6957.88,210.84,2025-07-12 10:19:42,VIP
user_00471,2024-11-04,28,M,Medan,Sumatera Utara,25-50k,17,4932.73,290.16,2025-07-05 10:19:42,Regular
user_00472,2025-05-04,32,F,Makassar,Sulawesi Selatan,25-50k,11,1720.93,156.45,2025-07-20 10:19:42,Regular
user_00473,2024-06-28,55,M,Makassar,Sulawesi Selatan,>200k,36,4102.06,113.95,2025-06-30 10:19:42,VIP
user_00474,2024-12-20,49,F,Bandung,Jawa Barat,100-200k,2,181.23,90.62,2025-07-23 10:19:42,New
user_00475,2023-10-23,32,M,Depok,Jawa Barat,100-200k,0,0.0,0.0,2025-07-11 10:19:42,New
user_00476,2024-12-06,26,F,Bandung,Jawa Barat,50-100k,3,179.58,59.86,2025-07-12 10:19:42,New
user_00477,2025-02-05,25,F,Surabaya,Jawa Timur,50-100k,45,21323.95,473.87,2025-07-18 10:19:42,VIP
user_00478,2023-11-08,24,F,Semarang,Jawa Tengah,50-100k,8,3913.1,489.14,2025-07-07 10:19:42,Premium
user_00479,2024-04-09,58,F,Makassar,Sulawesi Selatan,25-50k,45,21867.04,485.93,2025-07-08 10:19:42,VIP
user_00480,2023-10-11,40,M,Bekasi,Jawa Barat,25-50k,24,4513.69,188.07,2025-07-08 10:19:42,VIP
user_00481,2024-09-02,26,M,Jakarta,DKI Jakarta,>200k,25,10821.02,432.84,2025-07-06 10:19:42,VIP
user_00482,2023-11-27,20,M,Bekasi,Jawa Barat,50-100k,39,5826.71,149.4,2025-07-12 10:19:42,VIP
user_00483,2025-03-16,49,M,Makassar,Sulawesi Selatan,<25k,15,3090.97,206.06,2025-07-20 10:19:42,Regular
user_00484,2025-01-10,58,M,Makassar,Sulawesi Selatan,100-200k,0,0.0,0.0,2025-07-23 10:19:42,New
user_00485,2025-04-22,40,F,Surabaya,Jawa Timur,<25k,3,671.02,223.67,2025-07-07 10:19:42,New
user_00486,2024-04-27,28,F,Tangerang,Banten,100-200k,22,6505.64,295.71,2025-07-27 10:19:42,VIP
user_00487,2024-02-26,54,M,Bandung,Jawa Barat,100-200k,4,1638.55,409.64,2025-07-29 10:19:42,New
user_00488,2024-09-02,19,F,Semarang,Jawa Tengah,<25k,4,815.25,203.81,2025-07-02 10:19:42,New
user_00489,2024-06-11,28,M,Depok,Jawa Barat,<25k,21,6663.59,317.31,2025-07-11 10:19:42,VIP
user_00490,2024-02-22,63,M,Palembang,Sumatera Selatan,25-50k,38,17114.78,450.39,2025-07-25 10:19:42,VIP
user_00491,2025-05-07,24,F,Medan,Sumatera Utara,25-50k,26,9457.2,363.74,2025-07-07 10:19:42,VIP
user_00492,2023-12-25,34,F,Semarang,Jawa Tengah,25-50k,6,434.02,72.34,2025-07-12 10:19:42,Premium
user_00493,2023-12-16,49,M,Jakarta,DKI Jakarta,50-100k,0,0.0,0.0,2025-07-21 10:19:42,New
user_00494,2023-08-23,58,F,Medan,Sumatera Utara,<25k,1,143.13,143.13,2025-07-10 10:19:42,New
user_00495,2024-09-05,23,F,Surabaya,Jawa Timur,50-100k,50,11443.02,228.86,2025-07-15 10:19:42,VIP
user_00496,2023-08-24,34,M,Depok,Jawa Barat,100-200k,11,2386.55,216.96,2025-07-18 10:19:42,Regular
user_00497,2024-06-17,29,F,Jakarta,DKI Jakarta,50-100k,28,7259.73,259.28,2025-07-23 10:19:42,VIP
user_00498,2024-09-28,54,M,Bandung,Jawa Barat,<25k,5,1753.32,350.66,2025-07-05 10:19:42,Premium
user_00499,2023-12-24,44,M,Depok,Jawa Barat,<25k,24,10038.78,418.28,2025-07-17 10:19:42,VIP
user_00500,2023-12-30,61,F,Bekasi,Jawa Barat,25-50k,30,5534.5,184.48,2025-07-18 10:19:42,VIP
user_00501,2025-05-26,50,M,Surabaya,Jawa Timur,100-200k,11,5247.85,477.08,2025-07-25 10:19:42,Regular
user_00502,2024-11-26,30,M,Jakarta,DKI Jakarta,100-200k,5,2473.63,494.73,2025-07-17 10:19:42,Premium
user_00503,2024-12-06,58,M,Bekasi,Jawa Barat,50-100k,20,9197.24,459.86,2025-07-01 10:19:42,VIP
user_00504,2025-04-23,23,F,Depok,Jawa Barat,100-200k,35,6886.5,196.76,2025-07-22 10:19:42,VIP
user_00505,2024-01-15,47,M,Bekasi,Jawa Barat,>200k,33,13258.03,401.76,2025-07-27 10:19:42,VIP
user_00506,2024-05-02,27,M,Bekasi,Jawa Barat,>200k,37,14476.98,391.27,2025-06-30 10:19:42,VIP
user_00507,2025-03-20,24,M,Semarang,Jawa Tengah,>200k,22,9791.15,445.05,2025-07-22 10:19:42,VIP
user_00508,2024-06-03,59,F,Bekasi,Jawa Barat,>200k,30,2005.79,66.86,2025-07-22 10:19:42,VIP
user_00509,2024-05-14,27,F,Jakarta,DKI Jakarta,100-200k,21,7575.35,360.73,2025-07-29 10:19:42,VIP
user_00510,2024-03-01,35,F,Jakarta,DKI Jakarta,50-100k,50,9318.74,186.37,2025-07-22 10:19:42,VIP
user_00511,2024-02-13,62,M,Medan,Sumatera Utara,25-50k,19,9279.58,488.4,2025-07-16 10:19:42,Regular
user_00512,2024-08-06,35,F,Bekasi,Jawa Barat,<25k,12,2985.27,248.77,2025-07-01 10:19:42,Regular
user_00513,2024-05-10,65,F,Depok,Jawa Barat,50-100k,3,845.61,281.87,2025-07-25 10:19:42,New
user_00514,2025-04-24,37,F,Bandung,Jawa Barat,>200k,36,2268.96,63.03,2025-07-24 10:19:42,VIP
user_00515,2024-12-07,21,M,Jakarta,DKI Jakarta,100-200k,3,1389.34,463.11,2025-07-08 10:19:42,New
user_00516,2024-12-09,35,F,Tangerang,Banten,>200k,25,8398.36,335.93,2025-07-27 10:19:42,VIP
user_00517,2023-08-03,19,M,Makassar,Sulawesi Selatan,100-200k,38,9528.37,250.75,2025-06-30 10:19:42,VIP
user_00518,2024-03-02,55,F,Makassar,Sulawesi Selatan,25-50k,16,6192.52,387.03,2025-07-08 10:19:42,Regular
user_00519,2025-03-30,36,M,Palembang,Sumatera Selatan,<25k,10,4342.2,434.22,2025-07-06 10:19:42,Regular
user_00520,2024-11-23,32,M,Medan,Sumatera Utara,50-100k,41,9605.41,234.28,2025-07-30 10:19:42,VIP
user_00521,2023-08-02,18,F,Bandung,Jawa Barat,25-50k,38,15594.79,410.39,2025-07-23 10:19:42,VIP
user_00522,2024-10-15,56,F,Semarang,Jawa Tengah,100-200k,24,10397.13,433.21,2025-07-16 10:19:42,VIP
user_00523,2024-10-15,31,F,Semarang,Jawa Tengah,>200k,39,8920.03,228.72,2025-07-27 10:19:42,VIP
user_00524,2025-06-23,50,F,Depok,Jawa Barat,>200k,38,6733.77,177.2,2025-07-09 10:19:42,VIP
user_00525,2025-03-12,48,M,Makassar,Sulawesi Selatan,50-100k,40,7852.47,196.31,2025-07-22 10:19:42,VIP
user_00526,2024-10-06,59,F,Medan,Sumatera Utara,25-50k,33,13017.29,394.46,2025-07-02 10:19:42,VIP
user_00527,2025-05-03,56,F,Makassar,Sulawesi Selatan,25-50k,46,2826.92,61.45,2025-07-15 10:19:42,VIP
user_00528,2024-09-01,34,F,Palembang,Sumatera Selatan,100-200k,47,3097.0,65.89,2025-07-08 10:19:42,VIP
user_00529,2023-11-23,30,F,Medan,Sumatera Utara,>200k,40,16128.15,403.2,2025-07-01 10:19:42,VIP
user_00530,2023-08-13,40,F,Bandung,Jawa Barat,>200k,11,2004.23,182.2,2025-07-15 10:19:42,Regular
user_00531,2025-02-19,65,F,Depok,Jawa Barat,25-50k,43,19557.09,454.82,2025-07-10 10:19:42,VIP
user_00532,2025-03-31,32,F,Medan,Sumatera Utara,50-100k,26,10520.66,404.64,2025-07-20 10:19:42,VIP
user_00533,2024-06-15,34,F,Tangerang,Banten,<25k,30,2224.64,74.15,2025-07-10 10:19:42,VIP
user_00534,2023-11-11,55,M,Tangerang,Banten,25-50k,32,3325.35,103.92,2025-07-09 10:19:42,VIP
user_00535,2024-06-05,51,F,Palembang,Sumatera Selatan,<25k,9,1006.33,111.81,2025-07-24 10:19:42,Premium
user_00536,2024-07-15,44,F,Bandung,Jawa Barat,50-100k,45,5902.22,131.16,2025-07-28 10:19:42,VIP
user_00537,2024-02-17,39,M,Makassar,Sulawesi Selatan,<25k,0,0.0,0.0,2025-07-24 10:19:42,New
user_00538,2025-01-09,54,M,Tangerang,Banten,<25k,8,2612.13,326.52,2025-07-10 10:19:42,Premium
user_00539,2024-04-17,43,F,Tangerang,Banten,100-200k,0,0.0,0.0,2025-07-24 10:19:42,New
user_00540,2024-06-13,18,F,Depok,Jawa Barat,25-50k,1,354.54,354.54,2025-07-10 10:19:42,New
user_00541,2024-10-19,32,F,Semarang,Jawa Tengah,25-50k,6,1335.59,222.6,2025-07-12 10:19:42,Premium
user_00542,2024-08-21,28,M,Jakarta,DKI Jakarta,50-100k,18,4593.0,255.17,2025-07-14 10:19:42,Regular
user_00543,2023-10-29,51,F,Palembang,Sumatera Selatan,25-50k,21,10463.51,498.26,2025-07-15 10:19:42,VIP
user_00544,2024-06-28,30,M,Palembang,Sumatera Selatan,<25k,14,2113.22,150.94,2025-07-26 10:19:42,Regular
user_00545,2024-11-26,64,M,Bekasi,Jawa Barat,>200k,10,1054.23,105.42,2025-07-08 10:19:42,Regular
user_00546,2023-09-03,20,F,Semarang,Jawa Tengah,>200k,39,2802.7,71.86,2025-07-29 10:19:42,VIP
user_00547,2023-08-23,24,M,Jakarta,DKI Jakarta,<25k,26,6498.48,249.94,2025-07-27 10:19:42,VIP
user_00548,2023-12-18,34,F,Bandung,Jawa Barat,25-50k,44,15777.65,358.58,2025-07-30 10:19:42,VIP
user_00549,2024-08-26,44,M,Depok,Jawa Barat,50-100k,39,12578.88,322.54,2025-07-26 10:19:42,VIP
user_00550,2024-04-28,24,M,Semarang,Jawa Tengah,<25k,50,4890.93,97.82,2025-07-24 10:19:42,VIP
user_00551,2023-10-16,30,F,Depok,Jawa Barat,25-50k,22,8064.02,366.55,2025-07-21 10:19:42,VIP
user_00552,2025-01-17,20,F,Medan,Sumatera Utara,100-200k,21,3266.07,155.53,2025-07-30 10:19:42,VIP
user_00553,2023-08-13,23,M,Bekasi,Jawa Barat,100-200k,9,4295.26,477.25,2025-07-06 10:19:42,Premium
user_00554,2024-01-24,22,M,Semarang,Jawa Tengah,25-50k,29,14352.09,494.9,2025-07-21 10:19:42,VIP
user_00555,2024-10-03,47,M,Surabaya,Jawa Timur,25-50k,2,867.02,433.51,2025-07-19 10:19:42,New
user_00556,2023-08-07,38,F,Surabaya,Jawa Timur,<25k,48,21630.31,450.63,2025-07-30 10:19:42,VIP
user_00557,2025-02-09,60,M,Makassar,Sulawesi Selatan,50-100k,28,13434.12,479.79,2025-07-22 10:19:42,VIP
user_00558,2025-03-27,41,F,Bandung,Jawa Barat,<25k,25,5752.82,230.11,2025-07-16 10:19:42,VIP
user_00559,2024-09-25,42,F,Palembang,Sumatera Selatan,25-50k,7,767.41,109.63,2025-07-07 10:19:42,Premium
user_00560,2025-05-01,28,M,Palembang,Sumatera Selatan,>200k,30,12330.57,411.02,2025-07-09 10:19:42,VIP
user_00561,2024-04-08,29,F,Makassar,Sulawesi Selatan,>200k,1,438.16,438.16,2025-07-02 10:19:42,New
user_00562,2025-02-17,48,F,Surabaya,Jawa Timur,100-200k,28,1979.25,70.69,2025-07-22 10:19:42,VIP
user_00563,2023-08-30,38,M,Depok,Jawa Barat,>200k,46,13995.75,304.26,2025-06-30 10:19:42,VIP
user_00564,2023-08-15,39,M,Palembang,Sumatera Selatan,25-50k,30,6167.62,205.59,2025-07-09 10:19:42,VIP
user_00565,2023-09-13,42,M,Depok,Jawa Barat,>200k,3,165.72,55.24,2025-07-01 10:19:42,New
user_00566,2025-01-21,50,F,Tangerang,Banten,25-50k,4,1552.57,388.14,2025-07-20 10:19:42,New
user_00567,2024-10-27,39,F,Jakarta,DKI Jakarta,>200k,14,4168.12,297.72,2025-07-18 10:19:42,Regular
user_00568,2024-05-14,33,M,Tangerang,Banten,100-200k,36,9059.2,251.64,2025-07-03 10:19:42,VIP
user_00569,2024-02-06,46,F,Surabaya,Jawa Timur,100-200k,47,16168.84,344.02,2025-07-27 10:19:42,VIP
user_00570,2024-05-13,44,M,Depok,Jawa Barat,>200k,0,0.0,0.0,2025-07-05 10:19:42,New
user_00571,2023-10-21,57,F,Depok,Jawa Barat,>200k,13,4479.39,344.57,2025-07-16 10:19:42,Regular
user_00572,2024-07-16,41,M,Medan,Sumatera Utara,100-200k,21,6343.43,302.07,2025-07-11 10:19:42,VIP
user_00573,2023-10-25,48,F,Tangerang,Banten,<25k,6,2350.16,391.69,2025-07-23 10:19:42,Premium
user_00574,2025-06-28,39,F,Semarang,Jawa Tengah,>200k,33,7202.27,218.25,2025-07-27 10:19:42,VIP
user_00575,2025-05-15,28,F,Bandung,Jawa Barat,100-200k,6,986.58,164.43,2025-07-24 10:19:42,Premium
user_00576,2024-12-20,25,F,Medan,Sumatera Utara,100-200k,50,6788.02,135.76,2025-07-20 10:19:42,VIP
user_00577,2025-03-12,44,M,Bekasi,Jawa Barat,<25k,49,22113.18,451.29,2025-07-16 10:19:42,VIP
user_00578,2023-08-26,55,M,Tangerang,Banten,<25k,33,12582.78,381.3,2025-07-13 10:19:42,VIP
user_00579,2024-04-13,55,F,Depok,Jawa Barat,25-50k,44,13655.38,310.35,2025-07-07 10:19:42,VIP
user_00580,2025-02-19,24,F,Bekasi,Jawa Barat,>200k,20,5536.99,276.85,2025-07-18 10:19:42,VIP
user_00581,2024-04-28,56,M,Semarang,Jawa Tengah,100-200k,21,10221.15,486.72,2025-07-16 10:19:42,VIP
user_00582,2025-02-14,26,F,Bekasi,Jawa Barat,>200k,19,8158.29,429.38,2025-07-13 10:19:42,Regular
user_00583,2024-08-13,63,M,Medan,Sumatera Utara,25-50k,39,14487.45,371.47,2025-07-09 10:19:42,VIP
user_00584,2024-07-12,61,M,Bandung,Jawa Barat,>200k,34,12322.97,362.44,2025-07-20 10:19:42,VIP
user_00585,2025-03-04,40,F,Bekasi,Jawa Barat,>200k,42,15521.34,369.56,2025-07-09 10:19:42,VIP
user_00586,2024-01-01,36,F,Jakarta,DKI Jakarta,>200k,6,368.23,61.37,2025-07-26 10:19:42,Premium
user_00587,2025-05-07,60,M,Medan,Sumatera Utara,50-100k,48,19367.5,403.49,2025-07-21 10:19:42,VIP
user_00588,2023-08-01,34,M,Jakarta,DKI Jakarta,50-100k,13,5058.52,389.12,2025-07-29 10:19:42,Regular
user_00589,2024-06-28,46,M,Bekasi,Jawa Barat,>200k,14,5377.2,384.09,2025-07-13 10:19:42,Regular
user_00590,2024-05-28,33,F,Jakarta,DKI Jakarta,100-200k,24,5698.92,237.45,2025-07-05 10:19:42,VIP
user_00591,2024-08-14,53,M,Jakarta,DKI Jakarta,50-100k,12,3951.03,329.25,2025-07-06 10:19:42,Regular
user_00592,2024-04-03,32,F,Bekasi,Jawa Barat,>200k,47,15111.63,321.52,2025-07-06 10:19:42,VIP
user_00593,2024-12-14,36,F,Bandung,Jawa Barat,<25k,11,5314.25,483.11,2025-07-07 10:19:42,Regular
user_00594,2024-01-21,25,F,Jakarta,DKI Jakarta,100-200k,17,5107.98,300.47,2025-07-26 10:19:42,Regular
user_00595,2025-01-17,55,F,Jakarta,DKI Jakarta,50-100k,29,10711.45,369.36,2025-07-26 10:19:42,VIP
user_00596,2025-05-21,27,F,Bekasi,Jawa Barat,<25k,49,23009.02,469.57,2025-07-11 10:19:42,VIP
user_00597,2023-08-23,37,F,Bekasi,Jawa Barat,>200k,22,1821.52,82.8,2025-07-08 10:19:42,VIP
user_00598,2024-08-09,51,M,Bandung,Jawa Barat,>200k,4,1615.26,403.82,2025-07-25 10:19:42,New
user_00599,2024-05-01,52,F,Surabaya,Jawa Timur,50-100k,14,6265.4,447.53,2025-07-09 10:19:42,Regular
user_00600,2024-07-26,39,F,Semarang,Jawa Tengah,25-50k,48,15754.86,328.23,2025-07-15 10:19:42,VIP
user_00601,2023-12-04,59,M,Surabaya,Jawa Timur,50-100k,28,4428.38,158.16,2025-07-10 10:19:42,VIP
user_00602,2023-10-11,57,M,Jakarta,DKI Jakarta,50-100k,24,11092.07,462.17,2025-06-30 10:19:42,VIP
user_00603,2025-03-06,42,F,Depok,Jawa Barat,50-100k,1,460.1,460.1,2025-07-04 10:19:42,New
user_00604,2024-06-12,50,F,Tangerang,Banten,<25k,18,8176.08,454.23,2025-07-24 10:19:42,Regular
user_00605,2024-08-06,50,M,Surabaya,Jawa Timur,25-50k,49,14312.35,292.09,2025-07-30 10:19:42,VIP
user_00606,2023-09-28,22,M,Medan,Sumatera Utara,100-200k,6,855.06,142.51,2025-07-04 10:19:42,Premium
user_00607,2024-04-11,59,M,Bandung,Jawa Barat,<25k,29,10805.13,372.59,2025-07-29 10:19:42,VIP
user_00608,2025-04-02,22,M,Bandung,Jawa Barat,50-100k,35,2859.46,81.7,2025-07-04 10:19:42,VIP
user_00609,2024-11-09,34,F,Palembang,Sumatera Selatan,100-200k,40,9280.06,232.0,2025-07-20 10:19:42,VIP
user_00610,2025-06-13,42,M,Depok,Jawa Barat,<25k,41,15339.27,374.13,2025-07-28 10:19:42,VIP
user_00611,2023-11-09,20,M,Makassar,Sulawesi Selatan,>200k,6,1082.56,180.43,2025-07-09 10:19:42,Premium
user_00612,2024-08-26,56,M,Semarang,Jawa Tengah,100-200k,24,5467.22,227.8,2025-07-09 10:19:42,VIP
user_00613,2025-05-30,48,M,Depok,Jawa Barat,25-50k,8,3088.31,386.04,2025-07-05 10:19:42,Premium
user_00614,2023-12-20,36,M,Semarang,Jawa Tengah,50-100k,0,0.0,0.0,2025-07-13 10:19:42,New
user_00615,2025-02-06,25,M,Jakarta,DKI Jakarta,>200k,38,8638.8,227.34,2025-07-13 10:19:42,VIP
user_00616,2025-04-04,37,M,Makassar,Sulawesi Selatan,25-50k,26,11895.85,457.53,2025-07-03 10:19:42,VIP
user_00617,2024-01-23,27,M,Bandung,Jawa Barat,25-50k,39,16599.83,425.64,2025-07-24 10:19:42,VIP
user_00618,2025-03-05,29,M,Depok,Jawa Barat,100-200k,41,12191.31,297.35,2025-07-21 10:19:42,VIP
user_00619,2023-08-13,22,F,Surabaya,Jawa Timur,25-50k,46,14318.33,311.27,2025-06-30 10:19:42,VIP
user_00620,2024-07-27,40,M,Medan,Sumatera Utara,<25k,18,5918.08,328.78,2025-07-02 10:19:42,Regular
user_00621,2024-12-14,38,F,Tangerang,Banten,50-100k,39,13522.86,346.74,2025-07-08 10:19:42,VIP
user_00622,2023-11-10,27,F,Makassar,Sulawesi Selatan,100-200k,10,521.74,52.17,2025-07-23 10:19:42,Regular
user_00623,2024-11-16,63,F,Semarang,Jawa Tengah,50-100k,8,2846.49,355.81,2025-07-20 10:19:42,Premium
user_00624,2024-02-25,47,F,Makassar,Sulawesi Selatan,50-100k,31,9245.82,298.25,2025-07-25 10:19:42,VIP
user_00625,2023-09-08,56,M,Semarang,Jawa Tengah,25-50k,34,4705.41,138.39,2025-07-07 10:19:42,VIP
user_00626,2023-09-28,22,M,Jakarta,DKI Jakarta,>200k,40,2561.5,64.04,2025-07-12 10:19:42,VIP
user_00627,2023-11-16,43,M,Jakarta,DKI Jakarta,>200k,16,4712.98,294.56,2025-07-13 10:19:42,Regular
user_00628,2024-03-04,59,M,Makassar,Sulawesi Selatan,100-200k,14,6316.06,451.15,2025-07-12 10:19:42,Regular
user_00629,2024-09-06,26,F,Depok,Jawa Barat,>200k,5,1142.77,228.55,2025-07-14 10:19:42,Premium
user_00630,2025-06-20,60,M,Bekasi,Jawa Barat,25-50k,48,13505.35,281.36,2025-07-16 10:19:42,VIP
user_00631,2025-01-18,29,M,Tangerang,Banten,50-100k,2,296.94,148.47,2025-07-15 10:19:42,New
user_00632,2024-11-05,22,F,Makassar,Sulawesi Selatan,25-50k,2,701.73,350.86,2025-07-14 10:19:42,New
user_00633,2024-06-26,42,F,Tangerang,Banten,<25k,2,982.53,491.27,2025-07-20 10:19:42,New
user_00634,2025-03-17,63,F,Semarang,Jawa Tengah,>200k,34,10423.45,306.57,2025-07-18 10:19:42,VIP
user_00635,2023-08-31,42,F,Bekasi,Jawa Barat,<25k,33,5386.06,163.21,2025-07-01 10:19:42,VIP
user_00636,2024-11-14,51,F,Makassar,Sulawesi Selatan,50-100k,31,12607.57,406.7,2025-07-02 10:19:42,VIP
user_00637,2023-10-21,18,M,Tangerang,Banten,25-50k,14,1185.66,84.69,2025-07-10 10:19:42,Regular
user_00638,2024-09-16,31,M,Bandung,Jawa Barat,25-50k,23,7380.91,320.91,2025-07-04 10:19:42,VIP
user_00639,2025-03-01,60,M,Palembang,Sumatera Selatan,50-100k,46,4646.11,101.0,2025-07-09 10:19:42,VIP
user_00640,2024-02-26,48,M,Bekasi,Jawa Barat,25-50k,41,17425.58,425.01,2025-07-30 10:19:42,VIP
user_00641,2024-10-24,20,M,Bekasi,Jawa Barat,>200k,10,1106.26,110.63,2025-07-14 10:19:42,Regular
user_00642,2025-05-21,54,M,Jakarta,DKI Jakarta,25-50k,16,7441.62,465.1,2025-07-14 10:19:42,Regular
user_00643,2024-05-11,56,M,Semarang,Jawa Tengah,<25k,13,3277.84,252.14,2025-07-15 10:19:42,Regular
user_00644,2024-02-23,28,M,Palembang,Sumatera Selatan,>200k,9,3668.2,407.58,2025-07-04 10:19:42,Premium
user_00645,2024-12-26,57,F,Bandung,Jawa Barat,50-100k,29,9234.76,318.44,2025-07-28 10:19:42,VIP
user_00646,2024-11-07,42,F,Bandung,Jawa Barat,<25k,1,141.06,141.06,2025-07-03 10:19:42,New
user_00647,2024-01-31,61,F,Bandung,Jawa Barat,>200k,6,779.04,129.84,2025-07-02 10:19:42,Premium
user_00648,2023-10-10,56,M,Depok,Jawa Barat,>200k,48,4938.35,102.88,2025-07-15 10:19:42,VIP
user_00649,2023-08-25,26,M,Palembang,Sumatera Selatan,>200k,26,5633.42,216.67,2025-07-29 10:19:42,VIP
user_00650,2024-01-05,45,M,Tangerang,Banten,100-200k,22,6931.58,315.07,2025-07-07 10:19:42,VIP
user_00651,2023-11-19,24,F,Bandung,Jawa Barat,50-100k,30,11839.1,394.64,2025-07-01 10:19:42,VIP
user_00652,2025-04-06,36,F,Semarang,Jawa Tengah,25-50k,0,0.0,0.0,2025-07-05 10:19:42,New
user_00653,2025-06-23,54,M,Depok,Jawa Barat,<25k,24,8269.1,344.55,2025-07-08 10:19:42,VIP
user_00654,2024-08-11,44,F,Surabaya,Jawa Timur,25-50k,27,9266.65,343.21,2025-07-22 10:19:42,VIP
user_00655,2024-10-06,52,F,Bekasi,Jawa Barat,50-100k,39,6786.09,174.0,2025-07-09 10:19:42,VIP
user_00656,2024-05-20,31,F,Depok,Jawa Barat,>200k,30,3912.71,130.42,2025-07-13 10:19:42,VIP
user_00657,2023-12-10,48,F,Semarang,Jawa Tengah,>200k,22,8764.53,398.39,2025-07-18 10:19:42,VIP
user_00658,2025-02-09,60,M,Medan,Sumatera Utara,100-200k,50,18234.51,364.69,2025-07-25 10:19:42,VIP
user_00659,2025-03-20,31,F,Makassar,Sulawesi Selatan,>200k,39,14183.36,363.68,2025-07-08 10:19:42,VIP
user_00660,2025-05-08,28,F,Jakarta,DKI Jakarta,<25k,9,2360.26,262.25,2025-07-11 10:19:42,Premium
user_00661,2024-04-11,23,M,Semarang,Jawa Tengah,25-50k,23,1978.41,86.02,2025-07-29 10:19:42,VIP
user_00662,2024-06-02,43,F,Bekasi,Jawa Barat,<25k,49,20536.04,419.1,2025-07-10 10:19:42,VIP
user_00663,2024-02-10,46,M,Medan,Sumatera Utara,>200k,18,2477.45,137.64,2025-07-05 10:19:42,Regular
user_00664,2023-10-26,50,M,Bekasi,Jawa Barat,25-50k,43,2847.78,66.23,2025-07-23 10:19:42,VIP
user_00665,2023-08-30,18,M,Surabaya,Jawa Timur,50-100k,49,11257.51,229.75,2025-07-09 10:19:42,VIP
user_00666,2024-05-22,43,M,Depok,Jawa Barat,<25k,47,17231.6,366.63,2025-07-01 10:19:42,VIP
user_00667,2025-03-30,53,F,Depok,Jawa Barat,>200k,22,4540.0,206.36,2025-07-04 10:19:42,VIP
user_00668,2024-09-20,32,M,Tangerang,Banten,100-200k,36,1875.35,52.09,2025-07-25 10:19:42,VIP
user_00669,2024-05-10,50,M,Depok,Jawa Barat,<25k,32,5837.23,182.41,2025-06-30 10:19:42,VIP
user_00670,2025-03-03,50,F,Depok,Jawa Barat,>200k,16,5798.18,362.39,2025-06-30 10:19:42,Regular
user_00671,2024-06-09,54,F,Medan,Sumatera Utara,50-100k,49,12567.61,256.48,2025-07-16 10:19:42,VIP
user_00672,2023-11-08,19,F,Surabaya,Jawa Timur,50-100k,4,888.81,222.2,2025-07-05 10:19:42,New
user_00673,2024-11-17,61,M,Makassar,Sulawesi Selatan,100-200k,22,6213.39,282.43,2025-07-30 10:19:42,VIP
user_00674,2024-10-04,33,F,Surabaya,Jawa Timur,100-200k,43,16639.05,386.95,2025-07-20 10:19:42,VIP
user_00675,2025-04-14,53,M,Tangerang,Banten,50-100k,22,3263.8,148.35,2025-07-12 10:19:42,VIP
user_00676,2024-09-28,29,M,Tangerang,Banten,25-50k,15,5714.15,380.94,2025-07-03 10:19:42,Regular
user_00677,2024-10-02,31,M,Medan,Sumatera Utara,25-50k,39,8198.28,210.21,2025-07-06 10:19:42,VIP
user_00678,2025-03-13,25,M,Tangerang,Banten,>200k,0,0.0,0.0,2025-07-13 10:19:42,New
user_00679,2025-05-18,48,F,Bekasi,Jawa Barat,50-100k,31,14078.79,454.15,2025-07-02 10:19:42,VIP
user_00680,2023-11-20,35,F,Bandung,Jawa Barat,>200k,17,3893.78,229.05,2025-07-06 10:19:42,Regular
user_00681,2023-11-18,26,M,Depok,Jawa Barat,100-200k,30,14185.33,472.84,2025-07-29 10:19:42,VIP
user_00682,2024-02-02,40,F,Bandung,Jawa Barat,100-200k,7,2549.47,364.21,2025-07-16 10:19:42,Premium
user_00683,2024-08-11,62,M,Jakarta,DKI Jakarta,25-50k,24,7474.89,311.45,2025-07-20 10:19:42,VIP
user_00684,2024-06-25,57,F,Bandung,Jawa Barat,>200k,16,2507.4,156.71,2025-07-15 10:19:42,Regular
user_00685,2023-10-12,39,F,Bandung,Jawa Barat,100-200k,27,3907.97,144.74,2025-07-08 10:19:42,VIP
user_00686,2024-06-14,41,F,Semarang,Jawa Tengah,100-200k,11,3378.48,307.13,2025-07-12 10:19:42,Regular
user_00687,2024-11-08,24,F,Medan,Sumatera Utara,>200k,27,11754.15,435.34,2025-07-24 10:19:42,VIP
user_00688,2025-02-01,65,M,Tangerang,Banten,<25k,11,2636.53,239.68,2025-07-26 10:19:42,Regular
user_00689,2023-09-24,51,F,Tangerang,Banten,50-100k,16,4847.4,302.96,2025-07-12 10:19:42,Regular
user_00690,2025-05-13,43,M,Bandung,Jawa Barat,<25k,13,5410.84,416.22,2025-07-15 10:19:42,Regular
user_00691,2023-09-25,24,F,Makassar,Sulawesi Selatan,50-100k,23,4879.17,212.14,2025-07-13 10:19:42,VIP
user_00692,2024-10-10,40,M,Palembang,Sumatera Selatan,<25k,22,9686.95,440.32,2025-06-30 10:19:42,VIP
user_00693,2023-10-19,30,M,Semarang,Jawa Tengah,50-100k,20,7058.74,352.94,2025-07-15 10:19:42,VIP
user_00694,2024-03-30,23,F,Bekasi,Jawa Barat,50-100k,29,9693.84,334.27,2025-07-26 10:19:42,VIP
user_00695,2025-01-10,58,F,Palembang,Sumatera Selatan,>200k,36,8357.32,232.15,2025-07-01 10:19:42,VIP
user_00696,2025-04-18,23,M,Makassar,Sulawesi Selatan,25-50k,20,3851.9,192.6,2025-07-21 10:19:42,VIP
user_00697,2024-09-30,56,F,Semarang,Jawa Tengah,100-200k,49,21474.88,438.26,2025-07-19 10:19:42,VIP
user_00698,2023-11-07,51,F,Palembang,Sumatera Selatan,25-50k,11,4778.35,434.4,2025-07-26 10:19:42,Regular
user_00699,2024-11-02,60,F,Surabaya,Jawa Timur,25-50k,10,2286.71,228.67,2025-07-27 10:19:42,Regular
user_00700,2025-04-26,48,M,Jakarta,DKI Jakarta,100-200k,33,13010.2,394.25,2025-07-28 10:19:42,VIP
user_00701,2025-03-16,34,M,Surabaya,Jawa Timur,100-200k,19,2910.99,153.21,2025-07-07 10:19:42,Regular
user_00702,2024-09-13,46,M,Bandung,Jawa Barat,>200k,10,628.57,62.86,2025-07-09 10:19:42,Regular
user_00703,2024-06-30,38,F,Tangerang,Banten,>200k,17,5046.37,296.85,2025-07-26 10:19:42,Regular
user_00704,2023-12-26,29,F,Bekasi,Jawa Barat,100-200k,33,11150.83,337.9,2025-07-13 10:19:42,VIP
user_00705,2024-08-17,40,F,Depok,Jawa Barat,25-50k,5,1244.19,248.84,2025-07-19 10:19:42,Premium
user_00706,2024-05-04,34,M,Semarang,Jawa Tengah,<25k,0,0.0,0.0,2025-07-06 10:19:42,New
user_00707,2025-02-11,40,F,Tangerang,Banten,>200k,0,0.0,0.0,2025-07-15 10:19:42,New
user_00708,2024-02-28,37,M,Palembang,Sumatera Selatan,50-100k,38,5853.78,154.05,2025-07-30 10:19:42,VIP
user_00709,2023-12-17,41,M,Palembang,Sumatera Selatan,>200k,27,6146.24,227.64,2025-07-25 10:19:42,VIP
user_00710,2023-09-08,42,F,Medan,Sumatera Utara,50-100k,5,1200.04,240.01,2025-07-23 10:19:42,Premium
user_00711,2024-01-18,57,F,Semarang,Jawa Tengah,>200k,17,4008.71,235.81,2025-07-03 10:19:42,Regular
user_00712,2025-04-21,29,M,Semarang,Jawa Tengah,<25k,40,10196.17,254.9,2025-07-16 10:19:42,VIP
user_00713,2024-09-25,62,F,Medan,Sumatera Utara,50-100k,1,118.47,118.47,2025-07-13 10:19:42,New
user_00714,2025-06-08,29,M,Semarang,Jawa Tengah,50-100k,8,2974.71,371.84,2025-07-07 10:19:42,Premium
user_00715,2025-06-22,32,M,Bandung,Jawa Barat,<25k,31,4579.77,147.73,2025-07-17 10:19:42,VIP
user_00716,2024-08-15,49,F,Tangerang,Banten,<25k,21,1808.11,86.1,2025-07-06 10:19:42,VIP
user_00717,2025-02-01,21,F,Palembang,Sumatera Selatan,<25k,34,8893.25,261.57,2025-07-24 10:19:42,VIP
user_00718,2024-10-17,42,M,Surabaya,Jawa Timur,25-50k,24,9529.23,397.05,2025-07-16 10:19:42,VIP
user_00719,2024-10-20,65,M,Medan,Sumatera Utara,100-200k,47,18656.56,396.95,2025-07-14 10:19:42,VIP
user_00720,2023-08-19,31,F,Palembang,Sumatera Selatan,50-100k,20,2427.5,121.38,2025-07-07 10:19:42,VIP
user_00721,2025-05-18,65,M,Semarang,Jawa Tengah,100-200k,40,7378.64,184.47,2025-07-19 10:19:42,VIP
user_00722,2025-05-08,60,M,Surabaya,Jawa Timur,25-50k,40,9814.91,245.37,2025-07-30 10:19:42,VIP
user_00723,2025-01-10,35,M,Palembang,Sumatera Selatan,25-50k,0,0.0,0.0,2025-07-12 10:19:42,New
user_00724,2024-03-01,62,M,Makassar,Sulawesi Selatan,<25k,15,1814.46,120.96,2025-07-28 10:19:42,Regular
user_00725,2023-10-06,39,M,Jakarta,DKI Jakarta,50-100k,41,4889.8,119.26,2025-07-13 10:19:42,VIP
user_00726,2025-03-13,26,F,Medan,Sumatera Utara,50-100k,35,14169.85,404.85,2025-07-06 10:19:42,VIP
user_00727,2024-07-10,46,M,Jakarta,DKI Jakarta,100-200k,22,8271.55,375.98,2025-07-22 10:19:42,VIP
user_00728,2025-05-21,49,F,Depok,Jawa Barat,50-100k,34,12364.68,363.67,2025-07-24 10:19:42,VIP
user_00729,2023-11-28,29,F,Makassar,Sulawesi Selatan,100-200k,17,7487.61,440.45,2025-07-11 10:19:42,Regular
user_00730,2023-12-11,28,M,Depok,Jawa Barat,25-50k,28,5125.48,183.05,2025-07-22 10:19:42,VIP
user_00731,2023-12-24,41,F,Jakarta,DKI Jakarta,>200k,24,9123.5,380.15,2025-07-02 10:19:42,VIP
user_00732,2025-06-11,57,F,Bekasi,Jawa Barat,25-50k,20,7489.03,374.45,2025-07-09 10:19:42,VIP
user_00733,2023-12-27,42,M,Depok,Jawa Barat,100-200k,49,14609.87,298.16,2025-07-11 10:19:42,VIP
user_00734,2024-09-14,38,F,Makassar,Sulawesi Selatan,<25k,6,1712.64,285.44,2025-07-28 10:19:42,Premium
user_00735,2025-05-17,26,M,Jakarta,DKI Jakarta,25-50k,6,1610.5,268.42,2025-07-27 10:19:42,Premium
user_00736,2025-05-29,54,F,Tangerang,Banten,>200k,39,14258.06,365.59,2025-07-22 10:19:42,VIP
user_00737,2025-05-11,41,M,Bekasi,Jawa Barat,<25k,0,0.0,0.0,2025-07-24 10:19:42,New
user_00738,2023-08-29,49,M,Tangerang,Banten,<25k,23,6925.51,301.11,2025-06-30 10:19:42,VIP
user_00739,2024-05-01,41,M,Bekasi,Jawa Barat,50-100k,33,2253.7,68.29,2025-07-28 10:19:42,VIP
user_00740,2024-08-23,22,M,Depok,Jawa Barat,<25k,6,2257.96,376.33,2025-07-13 10:19:42,Premium
user_00741,2024-06-01,30,M,Depok,Jawa Barat,25-50k,36,11930.27,331.4,2025-07-25 10:19:42,VIP
user_00742,2023-12-07,65,F,Surabaya,Jawa Timur,>200k,22,7777.48,353.52,2025-07-08 10:19:42,VIP
user_00743,2023-08-19,45,M,Bandung,Jawa Barat,25-50k,35,8074.53,230.7,2025-07-20 10:19:42,VIP
user_00744,2023-08-27,28,F,Makassar,Sulawesi Selatan,50-100k,35,17365.54,496.16,2025-07-20 10:19:42,VIP
user_00745,2024-06-15,44,F,Makassar,Sulawesi Selatan,>200k,15,4551.23,303.42,2025-07-24 10:19:42,Regular
user_00746,2024-06-11,53,F,Makassar,Sulawesi Selatan,100-200k,28,13493.79,481.92,2025-07-30 10:19:42,VIP
user_00747,2025-05-26,36,M,Depok,Jawa Barat,25-50k,19,1006.16,52.96,2025-07-23 10:19:42,Regular
user_00748,2024-11-23,38,M,Semarang,Jawa Tengah,>200k,32,9611.05,300.35,2025-07-01 10:19:42,VIP
user_00749,2023-11-23,27,M,Jakarta,DKI Jakarta,100-200k,22,2645.46,120.25,2025-07-22 10:19:42,VIP
user_00750,2024-06-20,55,M,Medan,Sumatera Utara,50-100k,19,1735.79,91.36,2025-07-18 10:19:42,Regular
user_00751,2023-11-26,31,M,Makassar,Sulawesi Selatan,100-200k,11,2966.97,269.72,2025-07-02 10:19:42,Regular
user_00752,2023-11-18,24,F,Jakarta,DKI Jakarta,>200k,24,2047.56,85.31,2025-07-29 10:19:42,VIP
user_00753,2024-07-23,40,F,Palembang,Sumatera Selatan,<25k,49,7449.12,152.02,2025-07-10 10:19:42,VIP
user_00754,2023-10-23,18,F,Jakarta,DKI Jakarta,50-100k,33,2261.56,68.53,2025-07-13 10:19:42,VIP
user_00755,2023-11-30,27,F,Depok,Jawa Barat,25-50k,9,654.61,72.73,2025-07-07 10:19:42,Premium
user_00756,2024-05-24,46,M,Medan,Sumatera Utara,100-200k,18,7269.58,403.87,2025-07-26 10:19:42,Regular
user_00757,2025-02-15,39,M,Tangerang,Banten,>200k,47,3392.93,72.19,2025-07-18 10:19:42,VIP
user_00758,2024-10-05,23,F,Depok,Jawa Barat,100-200k,49,17838.04,364.04,2025-07-06 10:19:42,VIP
user_00759,2025-02-12,48,M,Tangerang,Banten,100-200k,41,12591.05,307.1,2025-07-13 10:19:42,VIP
user_00760,2023-10-09,65,M,Medan,Sumatera Utara,<25k,17,6792.31,399.55,2025-07-20 10:19:42,Regular
user_00761,2023-11-19,23,M,Palembang,Sumatera Selatan,100-200k,23,4754.99,206.74,2025-07-20 10:19:42,VIP
user_00762,2024-07-13,56,M,Semarang,Jawa Tengah,25-50k,22,7200.59,327.3,2025-07-05 10:19:42,VIP
user_00763,2024-04-04,57,M,Tangerang,Banten,<25k,14,1958.02,139.86,2025-07-19 10:19:42,Regular
user_00764,2025-01-22,64,M,Surabaya,Jawa Timur,<25k,15,7155.35,477.02,2025-07-01 10:19:42,Regular
user_00765,2025-01-30,36,M,Makassar,Sulawesi Selatan,<25k,19,4798.03,252.53,2025-07-30 10:19:42,Regular
user_00766,2024-07-26,31,M,Medan,Sumatera Utara,>200k,33,12792.77,387.66,2025-07-13 10:19:42,VIP
user_00767,2024-02-22,57,M,Jakarta,DKI Jakarta,100-200k,37,16935.57,457.72,2025-07-14 10:19:42,VIP
user_00768,2025-05-17,34,M,Jakarta,DKI Jakarta,50-100k,12,4861.62,405.13,2025-07-11 10:19:42,Regular
user_00769,2024-09-26,21,F,Jakarta,DKI Jakarta,<25k,24,8332.03,347.17,2025-07-09 10:19:42,VIP
user_00770,2023-08-25,41,M,Jakarta,DKI Jakarta,50-100k,41,9181.35,223.94,2025-07-18 10:19:42,VIP
user_00771,2024-01-27,63,M,Makassar,Sulawesi Selatan,100-200k,38,10989.69,289.2,2025-07-25 10:19:42,VIP
user_00772,2024-12-09,50,F,Depok,Jawa Barat,<25k,2,322.65,161.33,2025-07-14 10:19:42,New
user_00773,2024-08-22,39,F,Palembang,Sumatera Selatan,25-50k,1,206.05,206.05,2025-07-19 10:19:42,New
user_00774,2024-07-02,58,F,Medan,Sumatera Utara,>200k,17,7060.98,415.35,2025-07-10 10:19:42,Regular
user_00775,2024-10-10,42,M,Depok,Jawa Barat,50-100k,14,1655.76,118.27,2025-07-02 10:19:42,Regular
user_00776,2024-05-24,60,M,Surabaya,Jawa Timur,100-200k,33,15914.99,482.27,2025-07-11 10:19:42,VIP
user_00777,2023-09-29,61,M,Palembang,Sumatera Selatan,25-50k,36,4274.54,118.74,2025-07-21 10:19:42,VIP
user_00778,2023-10-20,39,F,Depok,Jawa Barat,25-50k,13,4466.96,343.61,2025-07-12 10:19:42,Regular
user_00779,2023-12-24,61,M,Bandung,Jawa Barat,50-100k,44,16161.7,367.31,2025-07-14 10:19:42,VIP
user_00780,2025-02-12,45,M,Bekasi,Jawa Barat,25-50k,20,1610.33,80.52,2025-07-13 10:19:42,VIP
user_00781,2025-03-01,29,F,Bandung,Jawa Barat,<25k,48,9283.65,193.41,2025-07-17 10:19:42,VIP
user_00782,2024-05-05,37,F,Semarang,Jawa Tengah,25-50k,49,6593.94,134.57,2025-07-26 10:19:42,VIP
user_00783,2024-12-23,19,F,Bekasi,Jawa Barat,>200k,39,6002.49,153.91,2025-07-23 10:19:42,VIP
user_00784,2024-11-06,61,M,Makassar,Sulawesi Selatan,<25k,44,17640.56,400.92,2025-07-26 10:19:42,VIP
user_00785,2024-02-02,56,F,Makassar,Sulawesi Selatan,25-50k,24,6507.61,271.15,2025-07-26 10:19:42,VIP
user_00786,2025-01-14,30,M,Jakarta,DKI Jakarta,100-200k,48,23326.41,485.97,2025-07-01 10:19:42,VIP
user_00787,2024-09-27,44,M,Medan,Sumatera Utara,25-50k,4,518.74,129.69,2025-06-30 10:19:42,New
user_00788,2024-04-07,57,F,Makassar,Sulawesi Selatan,100-200k,15,3636.0,242.4,2025-07-06 10:19:42,Regular
user_00789,2025-05-19,56,F,Makassar,Sulawesi Selatan,100-200k,39,18431.89,472.61,2025-07-12 10:19:42,VIP
user_00790,2023-10-31,52,M,Depok,Jawa Barat,<25k,28,7156.95,255.61,2025-07-02 10:19:42,VIP
user_00791,2025-05-18,33,F,Jakarta,DKI Jakarta,>200k,24,6774.17,282.26,2025-07-10 10:19:42,VIP
user_00792,2025-05-11,30,F,Tangerang,Banten,100-200k,19,7564.94,398.15,2025-07-21 10:19:42,Regular
user_00793,2024-03-15,28,F,Semarang,Jawa Tengah,>200k,3,1081.44,360.48,2025-07-02 10:19:42,New
user_00794,2025-02-05,47,F,Surabaya,Jawa Timur,>200k,7,916.28,130.9,2025-07-12 10:19:42,Premium
user_00795,2023-12-19,26,F,Palembang,Sumatera Selatan,50-100k,28,1713.89,61.21,2025-07-16 10:19:42,VIP
user_00796,2023-11-04,63,M,Tangerang,Banten,<25k,16,3133.34,195.83,2025-07-10 10:19:42,Regular
user_00797,2025-01-14,63,M,Surabaya,Jawa Timur,<25k,45,11350.32,252.23,2025-07-19 10:19:42,VIP
user_00798,2025-04-04,51,F,Depok,Jawa Barat,>200k,10,2204.05,220.41,2025-07-18 10:19:42,Regular
user_00799,2025-05-17,28,F,Bekasi,Jawa Barat,25-50k,10,4409.68,440.97,2025-07-25 10:19:42,Regular
user_00800,2025-05-09,44,F,Semarang,Jawa Tengah,100-200k,18,5974.27,331.9,2025-07-27 10:19:42,Regular
user_00801,2025-02-16,30,M,Bekasi,Jawa Barat,50-100k,0,0.0,0.0,2025-07-03 10:19:42,New
user_00802,2024-02-06,52,M,Bekasi,Jawa Barat,100-200k,15,2213.9,147.59,2025-07-09 10:19:42,Regular
user_00803,2024-02-29,47,F,Tangerang,Banten,<25k,38,12161.75,320.05,2025-07-23 10:19:42,VIP
user_00804,2023-12-18,35,M,Jakarta,DKI Jakarta,25-50k,9,673.01,74.78,2025-07-19 10:19:42,Premium
user_00805,2025-05-24,27,M,Bekasi,Jawa Barat,>200k,19,3781.0,199.0,2025-07-28 10:19:42,Regular
user_00806,2025-05-11,24,F,Bandung,Jawa Barat,25-50k,43,7652.76,177.97,2025-07-09 10:19:42,VIP
user_00807,2023-10-30,54,M,Tangerang,Banten,>200k,23,10790.82,469.17,2025-07-28 10:19:42,VIP
user_00808,2024-08-28,38,F,Palembang,Sumatera Selatan,<25k,48,11630.19,242.3,2025-07-13 10:19:42,VIP
user_00809,2025-04-25,36,F,Bandung,Jawa Barat,<25k,44,19216.28,436.73,2025-07-20 10:19:42,VIP
user_00810,2024-01-08,44,M,Medan,Sumatera Utara,>200k,3,297.56,99.19,2025-07-07 10:19:42,New
user_00811,2023-09-25,51,M,Tangerang,Banten,>200k,50,24691.26,493.83,2025-07-21 10:19:42,VIP
user_00812,2024-04-19,56,F,Semarang,Jawa Tengah,>200k,36,17919.39,497.76,2025-07-19 10:19:42,VIP
user_00813,2025-02-18,57,F,Depok,Jawa Barat,100-200k,31,12821.33,413.59,2025-07-02 10:19:42,VIP
user_00814,2023-10-15,32,F,Medan,Sumatera Utara,<25k,7,425.56,60.79,2025-07-10 10:19:42,Premium
user_00815,2025-03-02,65,M,Bekasi,Jawa Barat,100-200k,26,1832.26,70.47,2025-07-19 10:19:42,VIP
user_00816,2023-12-05,58,M,Jakarta,DKI Jakarta,25-50k,44,7776.21,176.73,2025-07-05 10:19:42,VIP
user_00817,2025-04-22,37,F,Depok,Jawa Barat,>200k,20,7903.29,395.16,2025-07-27 10:19:42,VIP
user_00818,2024-07-24,39,F,Bekasi,Jawa Barat,>200k,1,424.42,424.42,2025-07-24 10:19:42,New
user_00819,2024-07-27,39,F,Tangerang,Banten,<25k,41,4554.66,111.09,2025-07-26 10:19:42,VIP
user_00820,2023-09-27,47,F,Tangerang,Banten,100-200k,47,3534.87,75.21,2025-07-14 10:19:42,VIP
user_00821,2024-08-28,54,F,Depok,Jawa Barat,>200k,1,143.72,143.72,2025-07-09 10:19:42,New
user_00822,2024-07-26,40,M,Bandung,Jawa Barat,50-100k,1,202.62,202.62,2025-07-18 10:19:42,New
user_00823,2023-09-28,52,M,Bekasi,Jawa Barat,>200k,24,3223.69,134.32,2025-07-27 10:19:42,VIP
user_00824,2024-08-19,63,F,Jakarta,DKI Jakarta,50-100k,26,2315.53,89.06,2025-07-02 10:19:42,VIP
user_00825,2024-10-30,41,F,Semarang,Jawa Tengah,25-50k,33,6139.43,186.04,2025-07-27 10:19:42,VIP
user_00826,2024-06-12,20,M,Surabaya,Jawa Timur,100-200k,32,1959.06,61.22,2025-07-15 10:19:42,VIP
user_00827,2024-02-04,27,M,Makassar,Sulawesi Selatan,100-200k,46,20389.3,443.25,2025-07-21 10:19:42,VIP
user_00828,2024-07-30,27,M,Depok,Jawa Barat,25-50k,13,4888.74,376.06,2025-07-16 10:19:42,Regular
user_00829,2024-05-30,63,M,Jakarta,DKI Jakarta,50-100k,2,718.35,359.17,2025-07-11 10:19:42,New
user_00830,2025-04-02,39,F,Jakarta,DKI Jakarta,<25k,33,13027.78,394.78,2025-07-07 10:19:42,VIP
user_00831,2024-08-15,19,F,Medan,Sumatera Utara,50-100k,12,1639.75,136.65,2025-07-22 10:19:42,Regular
user_00832,2024-01-02,38,F,Surabaya,Jawa Timur,50-100k,9,1087.86,120.87,2025-07-27 10:19:42,Premium
user_00833,2025-06-15,57,M,Medan,Sumatera Utara,>200k,22,6538.72,297.21,2025-07-22 10:19:42,VIP
user_00834,2025-02-06,63,F,Bekasi,Jawa Barat,25-50k,10,820.59,82.06,2025-07-11 10:19:42,Regular
user_00835,2024-07-19,52,F,Jakarta,DKI Jakarta,25-50k,1,261.83,261.83,2025-07-09 10:19:42,New
user_00836,2025-05-10,24,F,Jakarta,DKI Jakarta,<25k,27,6111.79,226.36,2025-07-08 10:19:42,VIP
user_00837,2023-10-29,55,F,Bekasi,Jawa Barat,50-100k,19,3791.44,199.55,2025-07-24 10:19:42,Regular
user_00838,2023-08-14,52,M,Tangerang,Banten,>200k,8,734.5,91.81,2025-07-05 10:19:42,Premium
user_00839,2024-03-08,24,F,Semarang,Jawa Tengah,100-200k,30,4627.87,154.26,2025-07-23 10:19:42,VIP
user_00840,2025-02-03,57,F,Makassar,Sulawesi Selatan,100-200k,11,4013.09,364.83,2025-07-09 10:19:42,Regular
user_00841,2024-07-27,38,F,Tangerang,Banten,<25k,4,1055.6,263.9,2025-07-19 10:19:42,New
user_00842,2024-02-26,47,M,Semarang,Jawa Tengah,50-100k,38,11727.0,308.61,2025-07-14 10:19:42,VIP
user_00843,2025-03-17,43,M,Makassar,Sulawesi Selatan,>200k,41,3358.55,81.92,2025-07-21 10:19:42,VIP
user_00844,2024-01-02,47,F,Bekasi,Jawa Barat,100-200k,15,4940.91,329.39,2025-07-13 10:19:42,Regular
user_00845,2025-01-19,48,F,Surabaya,Jawa Timur,50-100k,13,5411.41,416.26,2025-07-12 10:19:42,Regular
user_00846,2024-04-15,45,F,Depok,Jawa Barat,25-50k,11,3829.93,348.18,2025-07-28 10:19:42,Regular
user_00847,2023-11-21,49,M,Bekasi,Jawa Barat,>200k,29,5696.18,196.42,2025-07-27 10:19:42,VIP
user_00848,2024-04-01,29,F,Palembang,Sumatera Selatan,<25k,38,3759.53,98.94,2025-07-04 10:19:42,VIP
user_00849,2023-10-29,42,F,Tangerang,Banten,<25k,5,739.63,147.93,2025-07-26 10:19:42,Premium
user_00850,2023-11-14,58,M,Bandung,Jawa Barat,25-50k,28,8093.82,289.07,2025-07-18 10:19:42,VIP
user_00851,2023-10-09,54,F,Medan,Sumatera Utara,25-50k,43,19128.18,444.84,2025-07-21 10:19:42,VIP
user_00852,2023-11-25,61,F,Palembang,Sumatera Selatan,50-100k,5,1561.14,312.23,2025-07-11 10:19:42,Premium
user_00853,2024-01-25,43,M,Semarang,Jawa Tengah,<25k,23,10476.13,455.48,2025-06-30 10:19:42,VIP
user_00854,2025-05-07,18,F,Surabaya,Jawa Timur,50-100k,1,155.86,155.86,2025-07-08 10:19:42,New
user_00855,2023-11-04,43,F,Palembang,Sumatera Selatan,100-200k,24,5900.05,245.84,2025-07-24 10:19:42,VIP
user_00856,2023-08-22,29,F,Bandung,Jawa Barat,25-50k,35,7807.37,223.07,2025-07-01 10:19:42,VIP
user_00857,2024-06-27,44,M,Semarang,Jawa Tengah,25-50k,8,441.77,55.22,2025-07-10 10:19:42,Premium
user_00858,2025-06-14,27,F,Palembang,Sumatera Selatan,25-50k,5,558.75,111.75,2025-07-05 10:19:42,Premium
user_00859,2024-05-01,47,F,Bekasi,Jawa Barat,25-50k,29,8097.86,279.24,2025-07-13 10:19:42,VIP
user_00860,2024-03-27,42,F,Medan,Sumatera Utara,25-50k,27,8695.57,322.06,2025-07-12 10:19:42,VIP
user_00861,2024-02-06,64,M,Depok,Jawa Barat,50-100k,26,12140.8,466.95,2025-07-12 10:19:42,VIP
user_00862,2024-06-20,20,M,Bekasi,Jawa Barat,100-200k,45,9713.72,215.86,2025-07-12 10:19:42,VIP
user_00863,2024-02-23,62,M,Bandung,Jawa Barat,>200k,48,19223.59,400.49,2025-07-16 10:19:42,VIP
user_00864,2024-01-18,23,M,Medan,Sumatera Utara,100-200k,40,15350.35,383.76,2025-06-30 10:19:42,VIP
user_00865,2023-08-16,22,F,Bekasi,Jawa Barat,<25k,21,6106.06,290.76,2025-07-30 10:19:42,VIP
user_00866,2024-03-07,47,F,Bekasi,Jawa Barat,50-100k,26,5429.1,208.81,2025-07-05 10:19:42,VIP
user_00867,2024-09-02,36,M,Jakarta,DKI Jakarta,>200k,47,8781.1,186.83,2025-07-05 10:19:42,VIP
user_00868,2023-12-01,34,M,Tangerang,Banten,>200k,10,3077.87,307.79,2025-07-09 10:19:42,Regular
user_00869,2024-09-05,65,M,Semarang,Jawa Tengah,100-200k,5,535.35,107.07,2025-07-28 10:19:42,Premium
user_00870,2024-09-19,34,M,Bekasi,Jawa Barat,50-100k,17,7412.62,436.04,2025-07-30 10:19:42,Regular
user_00871,2025-03-08,56,M,Bekasi,Jawa Barat,25-50k,42,10541.74,250.99,2025-07-05 10:19:42,VIP
user_00872,2025-01-02,34,M,Tangerang,Banten,25-50k,33,14450.91,437.91,2025-07-20 10:19:42,VIP
user_00873,2025-04-05,27,M,Tangerang,Banten,100-200k,49,10898.83,222.43,2025-07-09 10:19:42,VIP
user_00874,2024-04-06,64,M,Medan,Sumatera Utara,>200k,46,19725.94,428.82,2025-07-29 10:19:42,VIP
user_00875,2023-09-12,34,M,Jakarta,DKI Jakarta,25-50k,29,6653.62,229.44,2025-07-21 10:19:42,VIP
user_00876,2024-02-29,65,M,Palembang,Sumatera Selatan,100-200k,30,5045.44,168.18,2025-07-14 10:19:42,VIP
user_00877,2024-04-11,18,F,Tangerang,Banten,100-200k,43,8258.57,192.06,2025-07-14 10:19:42,VIP
user_00878,2023-08-01,20,M,Depok,Jawa Barat,50-100k,27,8767.4,324.72,2025-07-10 10:19:42,VIP
user_00879,2024-09-24,39,F,Semarang,Jawa Tengah,<25k,16,5511.27,344.45,2025-07-18 10:19:42,Regular
user_00880,2024-03-15,61,M,Bekasi,Jawa Barat,25-50k,33,6660.49,201.83,2025-07-08 10:19:42,VIP
user_00881,2024-12-28,38,M,Jakarta,DKI Jakarta,<25k,0,0.0,0.0,2025-07-14 10:19:42,New
user_00882,2025-03-16,61,F,Makassar,Sulawesi Selatan,25-50k,46,8164.25,177.48,2025-07-24 10:19:42,VIP
user_00883,2025-05-27,19,M,Jakarta,DKI Jakarta,>200k,42,18995.98,452.29,2025-07-24 10:19:42,VIP
user_00884,2023-10-26,58,M,Surabaya,Jawa Timur,<25k,38,4121.41,108.46,2025-07-09 10:19:42,VIP
user_00885,2023-09-06,54,M,Surabaya,Jawa Timur,25-50k,16,2920.89,182.56,2025-07-09 10:19:42,Regular
user_00886,2025-04-14,58,F,Semarang,Jawa Tengah,100-200k,44,20087.15,456.53,2025-07-06 10:19:42,VIP
user_00887,2024-08-03,34,M,Surabaya,Jawa Timur,50-100k,49,3825.64,78.07,2025-07-18 10:19:42,VIP
user_00888,2024-07-25,21,F,Semarang,Jawa Tengah,25-50k,28,2274.42,81.23,2025-07-01 10:19:42,VIP
user_00889,2024-12-07,57,F,Bandung,Jawa Barat,100-200k,6,688.46,114.74,2025-07-06 10:19:42,Premium
user_00890,2024-04-15,31,M,Tangerang,Banten,50-100k,6,394.12,65.69,2025-07-28 10:19:42,Premium
user_00891,2023-11-23,64,F,Tangerang,Banten,<25k,31,3626.52,116.98,2025-07-10 10:19:42,VIP
user_00892,2025-06-30,20,F,Semarang,Jawa Tengah,25-50k,44,8730.65,198.42,2025-07-18 10:19:42,VIP
user_00893,2023-11-20,18,F,Tangerang,Banten,100-200k,25,10745.55,429.82,2025-07-06 10:19:42,VIP
user_00894,2025-04-20,52,M,Jakarta,DKI Jakarta,100-200k,44,18395.94,418.09,2025-07-15 10:19:42,VIP
user_00895,2025-02-26,54,F,Makassar,Sulawesi Selatan,50-100k,25,1870.94,74.84,2025-06-30 10:19:42,VIP
user_00896,2023-09-07,23,F,Depok,Jawa Barat,50-100k,5,2142.66,428.53,2025-07-06 10:19:42,Premium
user_00897,2024-09-07,59,M,Bandung,Jawa Barat,>200k,2,970.76,485.38,2025-07-09 10:19:42,New
user_00898,2024-12-17,37,F,Surabaya,Jawa Timur,50-100k,31,2733.83,88.19,2025-07-10 10:19:42,VIP
user_00899,2024-04-08,65,M,Bandung,Jawa Barat,<25k,12,736.97,61.41,2025-07-12 10:19:42,Regular
user_00900,2024-10-29,49,F,Surabaya,Jawa Timur,>200k,41,7727.63,188.48,2025-07-13 10:19:42,VIP
user_00901,2024-03-27,19,M,Makassar,Sulawesi Selatan,<25k,21,8494.51,404.5,2025-07-29 10:19:42,VIP
user_00902,2024-05-11,25,M,Depok,Jawa Barat,100-200k,43,18988.37,441.59,2025-07-13 10:19:42,VIP
user_00903,2025-01-29,65,M,Surabaya,Jawa Timur,<25k,47,5344.64,113.72,2025-07-10 10:19:42,VIP
user_00904,2025-06-11,48,M,Medan,Sumatera Utara,25-50k,0,0.0,0.0,2025-07-29 10:19:42,New
user_00905,2024-08-20,24,F,Bekasi,Jawa Barat,25-50k,37,2914.89,78.78,2025-07-04 10:19:42,VIP
user_00906,2025-03-14,25,F,Bekasi,Jawa Barat,>200k,14,1097.59,78.4,2025-07-24 10:19:42,Regular
user_00907,2024-04-20,39,F,Makassar,Sulawesi Selatan,<25k,43,13294.96,309.19,2025-07-26 10:19:42,VIP
user_00908,2024-08-05,31,M,Bekasi,Jawa Barat,25-50k,21,1647.45,78.45,2025-07-22 10:19:42,VIP
user_00909,2025-02-06,44,M,Makassar,Sulawesi Selatan,>200k,10,2473.98,247.4,2025-07-01 10:19:42,Regular
user_00910,2023-11-13,20,M,Surabaya,Jawa Timur,>200k,24,9598.75,399.95,2025-07-30 10:19:42,VIP
user_00911,2024-02-18,23,M,Jakarta,DKI Jakarta,25-50k,5,1840.17,368.03,2025-07-12 10:19:42,Premium
user_00912,2024-09-13,44,F,Bandung,Jawa Barat,25-50k,9,3041.29,337.92,2025-07-14 10:19:42,Premium
user_00913,2024-03-26,44,M,Bandung,Jawa Barat,>200k,44,2944.9,66.93,2025-07-25 10:19:42,VIP
user_00914,2024-02-05,57,M,Semarang,Jawa Tengah,50-100k,26,1353.47,52.06,2025-07-23 10:19:42,VIP
user_00915,2024-12-16,25,M,Bekasi,Jawa Barat,50-100k,48,23714.49,494.05,2025-07-14 10:19:42,VIP
user_00916,2024-11-18,47,M,Semarang,Jawa Tengah,<25k,12,1208.47,100.71,2025-07-26 10:19:42,Regular
user_00917,2024-03-02,49,M,Bandung,Jawa Barat,<25k,3,1020.56,340.19,2025-07-21 10:19:42,New
user_00918,2024-11-28,45,F,Makassar,Sulawesi Selatan,>200k,48,12187.99,253.92,2025-07-27 10:19:42,VIP
user_00919,2025-05-08,52,M,Bandung,Jawa Barat,<25k,31,8732.91,281.71,2025-07-28 10:19:42,VIP
user_00920,2024-11-02,64,F,Bekasi,Jawa Barat,>200k,20,4771.6,238.58,2025-07-07 10:19:42,VIP
user_00921,2023-08-07,38,M,Surabaya,Jawa Timur,50-100k,14,1317.8,94.13,2025-07-07 10:19:42,Regular
user_00922,2024-05-04,30,F,Medan,Sumatera Utara,<25k,30,9398.75,313.29,2025-07-29 10:19:42,VIP
user_00923,2024-04-10,27,M,Bekasi,Jawa Barat,100-200k,11,2467.29,224.3,2025-07-26 10:19:42,Regular
user_00924,2024-03-19,64,M,Makassar,Sulawesi Selatan,50-100k,12,2413.81,201.15,2025-07-29 10:19:42,Regular
user_00925,2023-11-26,21,F,Bandung,Jawa Barat,<25k,29,7434.45,256.36,2025-07-25 10:19:42,VIP
user_00926,2024-07-14,32,F,Bekasi,Jawa Barat,25-50k,50,20377.72,407.55,2025-06-30 10:19:42,VIP
user_00927,2023-10-13,28,M,Surabaya,Jawa Timur,100-200k,33,8914.82,270.15,2025-07-24 10:19:42,VIP
user_00928,2023-11-03,48,F,Semarang,Jawa Tengah,<25k,46,11161.88,242.65,2025-07-03 10:19:42,VIP
user_00929,2024-10-21,33,F,Palembang,Sumatera Selatan,>200k,14,6318.48,451.32,2025-07-12 10:19:42,Regular
user_00930,2025-01-29,54,M,Palembang,Sumatera Selatan,<25k,2,992.15,496.07,2025-07-07 10:19:42,New
user_00931,2024-01-31,20,F,Depok,Jawa Barat,100-200k,30,12431.17,414.37,2025-07-08 10:19:42,VIP
user_00932,2025-03-22,46,F,Medan,Sumatera Utara,<25k,35,13610.99,388.89,2025-07-08 10:19:42,VIP
user_00933,2024-05-10,31,M,Makassar,Sulawesi Selatan,50-100k,15,5121.57,341.44,2025-07-28 10:19:42,Regular
user_00934,2025-06-14,48,F,Bandung,Jawa Barat,100-200k,36,13906.04,386.28,2025-07-30 10:19:42,VIP
user_00935,2024-03-22,47,M,Palembang,Sumatera Selatan,25-50k,50,22109.92,442.2,2025-07-10 10:19:42,VIP
user_00936,2024-03-12,63,M,Surabaya,Jawa Timur,100-200k,44,8791.54,199.81,2025-07-29 10:19:42,VIP
user_00937,2024-08-31,45,F,Bekasi,Jawa Barat,>200k,36,14670.56,407.52,2025-07-05 10:19:42,VIP
user_00938,2025-04-09,57,F,Jakarta,DKI Jakarta,>200k,43,9193.22,213.8,2025-07-29 10:19:42,VIP
user_00939,2025-03-09,42,F,Tangerang,Banten,>200k,2,429.01,214.51,2025-07-25 10:19:42,New
user_00940,2023-09-06,53,M,Depok,Jawa Barat,25-50k,8,3932.51,491.56,2025-07-23 10:19:42,Premium
user_00941,2023-12-26,25,F,Bekasi,Jawa Barat,25-50k,48,18492.36,385.26,2025-07-23 10:19:42,VIP
user_00942,2024-08-06,40,F,Depok,Jawa Barat,100-200k,17,1266.62,74.51,2025-07-19 10:19:42,Regular
user_00943,2024-07-12,46,F,Depok,Jawa Barat,>200k,7,1831.02,261.57,2025-07-13 10:19:42,Premium
user_00944,2023-08-06,52,F,Tangerang,Banten,>200k,23,9429.01,409.96,2025-06-30 10:19:42,VIP
user_00945,2025-04-24,30,F,Surabaya,Jawa Timur,<25k,25,11351.89,454.08,2025-07-21 10:19:42,VIP
user_00946,2025-04-13,24,M,Semarang,Jawa Tengah,<25k,44,5129.49,116.58,2025-07-26 10:19:42,VIP
user_00947,2024-12-03,51,M,Semarang,Jawa Tengah,100-200k,43,12626.77,293.65,2025-07-26 10:19:42,VIP
user_00948,2024-03-02,40,F,Tangerang,Banten,<25k,18,2431.39,135.08,2025-07-30 10:19:42,Regular
user_00949,2024-11-05,51,F,Palembang,Sumatera Selatan,>200k,21,7246.94,345.09,2025-07-05 10:19:42,VIP
user_00950,2024-07-31,49,F,Tangerang,Banten,50-100k,36,3937.66,109.38,2025-07-05 10:19:42,VIP
user_00951,2024-08-21,28,F,Medan,Sumatera Utara,100-200k,23,11196.99,486.83,2025-07-06 10:19:42,VIP
user_00952,2025-05-13,27,F,Semarang,Jawa Tengah,100-200k,10,3283.84,328.38,2025-07-25 10:19:42,Regular
user_00953,2023-12-30,36,M,Bandung,Jawa Barat,25-50k,10,1570.57,157.06,2025-07-29 10:19:42,Regular
user_00954,2024-08-10,54,M,Tangerang,Banten,50-100k,23,3059.54,133.02,2025-07-13 10:19:42,VIP
user_00955,2025-05-26,60,F,Makassar,Sulawesi Selatan,25-50k,23,5791.24,251.79,2025-07-25 10:19:42,VIP
user_00956,2024-01-01,37,M,Jakarta,DKI Jakarta,100-200k,31,12270.83,395.83,2025-06-30 10:19:42,VIP
user_00957,2024-03-18,38,M,Jakarta,DKI Jakarta,>200k,32,6370.44,199.08,2025-07-08 10:19:42,VIP
user_00958,2024-09-01,48,F,Bekasi,Jawa Barat,25-50k,36,13602.41,377.84,2025-07-01 10:19:42,VIP
user_00959,2024-04-04,39,M,Tangerang,Banten,<25k,8,2840.83,355.1,2025-07-27 10:19:42,Premium
user_00960,2024-08-19,19,F,Bekasi,Jawa Barat,25-50k,28,5903.16,210.83,2025-07-20 10:19:42,VIP
user_00961,2025-05-05,56,M,Bekasi,Jawa Barat,>200k,14,5622.09,401.58,2025-07-06 10:19:42,Regular
user_00962,2024-09-19,30,M,Surabaya,Jawa Timur,>200k,28,9931.0,354.68,2025-06-30 10:19:42,VIP
user_00963,2025-04-02,50,F,Medan,Sumatera Utara,100-200k,20,6428.55,321.43,2025-07-14 10:19:42,VIP
user_00964,2025-05-04,60,F,Palembang,Sumatera Selatan,25-50k,45,19539.53,434.21,2025-07-19 10:19:42,VIP
user_00965,2024-05-31,41,M,Semarang,Jawa Tengah,50-100k,22,4150.04,188.64,2025-07-16 10:19:42,VIP
user_00966,2023-12-04,23,M,Tangerang,Banten,100-200k,28,5036.79,179.89,2025-07-05 10:19:42,VIP
user_00967,2024-04-22,64,F,Bandung,Jawa Barat,>200k,38,3371.93,88.74,2025-07-24 10:19:42,VIP
user_00968,2024-08-24,48,F,Surabaya,Jawa Timur,>200k,48,10516.68,219.1,2025-07-30 10:19:42,VIP
user_00969,2024-05-07,58,F,Palembang,Sumatera Selatan,25-50k,35,9028.39,257.95,2025-07-12 10:19:42,VIP
user_00970,2025-02-10,30,M,Palembang,Sumatera Selatan,50-100k,35,9476.72,270.76,2025-07-04 10:19:42,VIP
user_00971,2024-08-25,55,F,Tangerang,Banten,>200k,47,12152.01,258.55,2025-07-30 10:19:42,VIP
user_00972,2025-06-28,27,F,Semarang,Jawa Tengah,100-200k,7,2409.51,344.22,2025-07-02 10:19:42,Premium
user_00973,2024-09-09,44,M,Tangerang,Banten,25-50k,1,103.71,103.71,2025-07-22 10:19:42,New
user_00974,2024-02-12,22,F,Bekasi,Jawa Barat,100-200k,36,8864.31,246.23,2025-07-22 10:19:42,VIP
user_00975,2023-09-26,61,F,Surabaya,Jawa Timur,50-100k,32,12154.58,379.83,2025-07-30 10:19:42,VIP
user_00976,2024-10-08,28,M,Bandung,Jawa Barat,50-100k,29,12912.04,445.24,2025-07-26 10:19:42,VIP
user_00977,2024-06-30,28,M,Semarang,Jawa Tengah,50-100k,26,8744.09,336.31,2025-06-30 10:19:42,VIP
user_00978,2024-07-01,21,F,Semarang,Jawa Tengah,>200k,40,18853.71,471.34,2025-07-14 10:19:42,VIP
user_00979,2024-12-14,58,M,Surabaya,Jawa Timur,>200k,48,6010.14,125.21,2025-07-20 10:19:42,VIP
user_00980,2024-08-11,61,F,Semarang,Jawa Tengah,50-100k,6,1742.93,290.49,2025-07-19 10:19:42,Premium
user_00981,2025-02-03,18,M,Depok,Jawa Barat,50-100k,23,9210.66,400.46,2025-07-17 10:19:42,VIP
user_00982,2024-07-17,28,M,Medan,Sumatera Utara,25-50k,32,4784.03,149.5,2025-07-24 10:19:42,VIP
user_00983,2023-12-06,57,M,Palembang,Sumatera Selatan,100-200k,4,409.82,102.45,2025-07-26 10:19:42,New
user_00984,2025-06-13,48,F,Semarang,Jawa Tengah,50-100k,8,3341.34,417.67,2025-07-02 10:19:42,Premium
user_00985,2023-10-28,51,F,Bandung,Jawa Barat,50-100k,1,385.01,385.01,2025-07-27 10:19:42,New
user_00986,2024-11-15,26,M,Medan,Sumatera Utara,50-100k,8,1155.43,144.43,2025-07-28 10:19:42,Premium
user_00987,2024-04-21,62,M,Surabaya,Jawa Timur,<25k,49,13127.82,267.91,2025-07-17 10:19:42,VIP
user_00988,2025-05-18,30,M,Jakarta,DKI Jakarta,>200k,37,2836.77,76.67,2025-07-27 10:19:42,VIP
user_00989,2024-10-14,20,M,Semarang,Jawa Tengah,<25k,48,4484.48,93.43,2025-07-27 10:19:42,VIP
user_00990,2023-10-23,31,M,Bandung,Jawa Barat,50-100k,1,90.85,90.85,2025-07-03 10:19:42,New
user_00991,2024-09-19,55,F,Makassar,Sulawesi Selatan,25-50k,32,12843.55,401.36,2025-07-11 10:19:42,VIP
user_00992,2024-10-26,50,M,Surabaya,Jawa Timur,>200k,48,2702.06,56.29,2025-07-24 10:19:42,VIP
user_00993,2024-12-16,36,M,Depok,Jawa Barat,<25k,46,4342.79,94.41,2025-07-24 10:19:42,VIP
user_00994,2024-01-31,63,F,Makassar,Sulawesi Selatan,>200k,11,2726.35,247.85,2025-06-30 10:19:42,Regular
user_00995,2025-03-13,29,F,Palembang,Sumatera Selatan,100-200k,13,3658.37,281.41,2025-07-17 10:19:42,Regular
user_00996,2025-03-07,38,M,Tangerang,Banten,<25k,33,3668.3,111.16,2025-07-06 10:19:42,VIP
user_00997,2024-06-26,63,F,Depok,Jawa Barat,<25k,5,988.26,197.65,2025-07-27 10:19:42,Premium
user_00998,2024-06-01,36,F,Bekasi,Jawa Barat,50-100k,43,21039.06,489.28,2025-07-16 10:19:42,VIP
user_00999,2024-11-11,53,F,Semarang,Jawa Tengah,100-200k,12,5226.58,435.55,2025-07-02 10:19:42,Regular
user_01000,2024-02-29,61,F,Bandung,Jawa Barat,<25k,43,11663.4,271.24,2025-07-27 10:19:42,VIP
